select * from studentinfo;

update  studentinfo
set username='Irfan' 
where student_id='S2';


insert into studentinfo values('S1','Imran','Imran','Shariff',26,'Male','imranshariff@gmail.com',9784563140);

INSERT INTO studentinfo (student_id, username, firstname, lastname, age, gender, email, phonenumber) VALUES
	('S2', 'irfan', 'irfan', 'Shariff', '26', 'Male', 'irfan@gmail.com', '5105440364'),
	('S3', 'Saleem', 'Saleem', 'S', '26', 'Male', 'Saleem@gmail.com', '8673201030'),
	('S4', 'Raghu', 'Raghu', 'O K', '26', 'Male', 'Raghu@gmail.com', '7017775239'),
	('S5', 'Sachin', 'Sachin', 'Gowda', '26', 'Male', 'Sachin@gmail.com', '6690280324'),
	('S6', 'Sukshith', 'Sukshith', 'H S', '26', 'Male', 'Sukshith@gmail.com', '1372214991'),
	('S7', 'Kavya', 'Kavya', 'S', '25', 'Female', 'Kavya@gmail.com', '9388452120'),
	('S8', 'Raju', 'Raju', 'Kumar', '24', 'Male', 'Raju@gmail.com', '1131292596'),
	('S9', 'Rani', 'Rani', 'V', '26', 'Male', 'Rani@gmail.com', '6765949832'),
	('S10', 'Alexa', 'Alexa', 'Y V', '26', 'Female', 'Alexa@gmail.com', '9029650114'),
	('S11', 'Vignesh', 'Vignesh', 'H S', '26', 'Male', 'Vignesh@gmail.com', '4868129228'),
	('S12', 'Vidya', 'Vidya', 'A S', '26', 'Female', 'Vidya@gmail.com', '7534152182'),
	('S13', 'Balaji', 'Balaji', 'G', '27', 'Male', 'Balaji@gmail.com', '7242271934'),
	('S14', 'Pradeep', 'Pradeep', 'Eshwar', '25', 'Male', 'Pradeep@gmail.com', '2764156104'),
	('S15', 'Ravi', 'Ravi', 'R', '25', 'Male', 'Ravi@gmail.com', '3761260060'),
	('S16', 'Indu', 'Indu', 'Kumari', '25', 'Female', 'Indu@gmail.com', '9333129104'),
	('S17', 'Soma', 'Soma', 'Shekar', '26', 'Male', 'Soma@gmail.com', '9670865021'),
	('S18', 'Suresh', 'Suresh', 'H S', '24', 'Male', 'Suresh@gmail.com', '4858383683'),
	('S19', 'vikas', 'vikas', 'V', '24', 'Male', 'vikas@gmail.com', '1876679393'),
	('S20', 'Ramya', 'Ramya', 'G', '24', 'Female', 'Ramya@gmail.com', '6189073825'),
	('S21', 'Bhargavi', 'Bhargavi', 'B D', '23', 'Female', 'Bhargavi@gmail.com', '6170656459'),
	('S22', 'Harsha', 'Harsha', 'D C', '24', 'Female', 'Harsha@gmail.com', '9726108482'),
	('S23', 'Harish', 'Harish', 'Gowda', '28', 'Male', 'Harish@gmail.com', '4784439633'),
	('S24', 'Punith', 'Punith', 'I R', '28', 'Male', 'Punith@gmail.com', '3056796140'),
	('S25', 'Fairoz', 'Fairoz', 'K', '28', 'Male', 'Fairoz@gmail.com', '4209423496'),
	('S26', 'Faizal', 'Faizal', 'S', '26', 'Male', 'Faizal@gmail.com', '4434431553'),
	('S27', 'Farza', 'Farza', 'Shariff', '24', 'Female', 'Farza@gmail.com', '7179977680'),
	('S28', 'Zameer', 'Zameer', 'Ahmed', '25', 'Male', 'Zameer@gmail.com', '3898083005'),
	('S29', 'Jamila', 'Jamila', 'Baig', '26', 'Female', 'Jamila@gmail.com', '6752245122'),
	('S30', 'Shaziya', 'Shaziya', 'Banu', '27', 'Female', 'Shaziya@gmail.com', '1240807893'),
	('S31', 'KumarSwamy', 'KumarSwamy', 'D', '28', 'Male', 'KumarSwamy@gmail.com', '8466203333'),
	('S32', 'Yediyurappa', 'Yediyurappa', 'S', '26', 'Male', 'Yediyurappa@gmail.com', '9573784123'),
	('S33', 'Siddaramaiah', 'Siddaramaiah', 'P', '24', 'Male', 'Siddaramaiah@gmail.com', '6935715760'),
	('S34', 'Lakshmi', 'Lakshmi', 'Hebbalkar', '25', 'Female', 'Lakshmi@gmail.com', '2559744209'),
	('S35', 'Arun', 'Arun', 'Sagar', '26', 'Male', 'Arun@gmail.com', '6066329063'),
	('S36', 'Ajun', 'Ajun', 'C H', '24', 'Male', 'Ajun@gmail.com', '1551375708'),
	('S37', 'MahaLakshmi', 'MahaLakshmi', 'H', '24', 'Female', 'MahaLakshmi@gmail.com', '8138339278'),
	('S38', 'Sagar', 'Sagar', 'O K', '25', 'Male', 'Sagar@gmail.com', '7146929835'),
	('S39', 'Arunsagar', 'Arunsagar', 'H A', '26', 'Male', 'Arunsagar@gmail.com', '8237715951'),
	('S40', 'Amrita', 'Amrita', 'G K', '24', 'Male', 'Amrita@gmail.com', '5463135794'),
	('S41', 'Amrut', 'Amrut', 'M', '21', 'Female', 'Amrut@gmail.com', '3169300224'),
	('S42', 'Anil', 'Anil', 'O', '25', 'Male', 'Anil@gmail.com', '5843145474'),
	('S43', 'Uday', 'Uday', 'P S', '23', 'Male', 'Uday@gmail.com', '3157857992'),
	('S44', 'Asam', 'Asam', 'Banu', '20', 'Female', 'Asam@gmail.com', '8702588536'),
	('S45', 'Shahnawaz', 'Shahnawaz', 'Khan', '20', 'Male', 'Shahnawaz@gmail.com', '4965550986'),
	('S46', 'Nawaz', 'Nawaz', 'Shariff', '24', 'Male', 'Nawaz@gmail.com', '9626839338'),
	('S47', 'Priyanka', 'Priyanka', 'G', '26', 'Female', 'Priyanka@gmail.com', '3485537847'),
	('S48', 'Tamanna', 'Tamanna', 'V', '20', 'Female', 'Tamanna@gmail.com', '4036119110'),
	('S49', 'Haripriya', 'Haripriya', 'K', '18', 'Female', 'Haripriya@gmail.com', '2588846108'),
	('S50', 'Bharth', 'Bharth', 'Kumar', '20', 'Male', 'Bharth@gmail.com', '8863649183'),
	('S51', 'Archana', 'Archana', 'H S', '27', 'Female', 'Archana@gmail.com', '4875191368'),
	('S52', 'Heena', 'Heena', 'Banu', '25', 'Female', 'Heena@gmail.com', '7236903642'),
	('S53', 'Rukhsar', 'Rukhsar', 'Banu', '25', 'Female', 'Rukhsar@gmail.com', '7528259792'),
	('S54', 'Harshith', 'Harshith', 'H H', '25', 'Female', 'Harshith@gmail.com', '2001553566'),
	('S55', 'Soniya', 'Soniya', 'Baig', '24', 'Female', 'Soniya@gmail.com', '8322846071'),
	('S56', 'Tashriffa', 'Tashriffa', 'Shariff', '23', 'Female', 'Tashriffa@gmail.com', '4832954567'),
	('S57', 'Suhil', 'Suhil', 'Ahamed', '26', 'Male', 'Suhil@gmail.com', '2659288850'),
	('S58', 'Razik', 'Razik', 'Pasha', '25', 'Male', 'Razik@gmail.com', '7123183584'),
	('S59', 'Saif', 'Saif', 'Shariff', '24', 'Male', 'Saif@gmail.com', '9016788778'),
	('S60', 'Aman', 'Aman', 'Shariff', '24', 'Male', 'Aman@gmail.com', '9507374066'),
	('S61', 'Aata', 'Aata', 'Shariff', '24', 'Male', 'Aata@gmail.com', '5761116410'),
	('S62', 'Sami', 'Sami', 'Shariff', '24', 'Male', 'Sami@gmail.com', '6748012656'),
	('S63', 'Zeevu', 'Zeevu', 'Shariff', '24', 'Male', 'Zeevu@gmail.com', '3230785047'),
	('S64', 'Sana', 'Sana', 'Shariff', '24', 'Male', 'Sana@gmail.com', '9327509993'),
	('S65', 'Fairoz', 'Fairoz', 'Shariff', '24', 'Male', 'Fairoz@gmail.com', '5165591739'),
	('student_id', 'Amju', 'Amju', 'Shariff', '24', 'Male', 'Amju@gmail.com', '9521304578'),
	('S67', 'Mujju', 'Mujju', 'Shariff', '24', 'Male', 'Mujju@gmail.com', '8341420467'),
	('S68', 'Siraj', 'Siraj', 'Ahmed', '24', 'Male', 'Siraj@gmail.com', '5003592207'),
	('S69', 'Ruhina', 'Ruhina', 'Banu', '24', 'Female', 'Ruhina@gmail.com', '4029971283'),
	('S70', 'Syed', 'Syed', 'Babu', '25', 'Male', 'Syed@gmail.com', '4093770534'),
	('S71', 'Sharath', 'Sharath', 'Bhairaraju', '25', 'Male', 'Sharath@gmail.com', '9986941195'),
	('S72', 'Sharu', 'Sharth', 'Gowda', '26', 'Male', 'Sharu@gmail.com', '7336451620'),
	('S73', 'Thousif', 'Thousif', 'Khan', '27', 'Male', 'Thousif@gmail.com', '2065530237'),
	('S74', 'Neelima', 'Neelima', 'P', '21', 'Female', 'Neelima@gmail.com', '8961044050'),
	('S75', 'Nagaraj', 'Nagaraj', 'H G', '21', 'Male', 'Nagaraj@gmail.com', '9016442346'),
	('S76', 'Punith', 'Punith', 'Basavaraj', '21', 'Male', 'Punith@gmail.com', '8137694238'),
	('S77', 'Sunil', 'Sunil', 'S N', '23', 'Male', 'Sunil@gmail.com', '2629769864'),
	('S78', 'Sharukh', 'Syed', 'Sharukh', '22', 'Male', 'Sharukh@gmail.com', '8471416379'),
	('S79', 'Nagaveni', 'Nagaveni', 'P N', '22', 'Female', 'Nagaveni@gmail.com', '8649927918'),
	('S80', 'Rohini', 'Rohini', 'Khanam', '22', 'Female', 'Rohini@gmail.com', '7144799673'),
	('S81', 'Varshini', 'Varshini', 'P', '22', 'Female', 'Varshini@gmail.com', '6264037684'),
	('S82', 'Aishu', 'Aishu', 'H S', '22', 'Female', 'Aishu@gmail.com', '7608639169'),
	('S83', 'Shabana', 'Shabana', 'Banu', '23', 'Female', 'Shabana@gmail.com', '1462666524'),
	('S84', 'Supriya', 'Supriya', 'N V', '26', 'Female', 'Supriya@gmail.com', '3320716496'),
	('S85', 'Zoya', 'Zoya', 'Khanam', '27', 'Female', 'Zoya@gmail.com', '7422672030'),
	('S86', 'Sushma', 'Sushma', 'S', '22', 'Female', 'Sushma@gmail.com', '9964161320'),
	('S87', 'Kaif', 'Mohammed', 'Kafi', '23', 'Male', 'Kaif@gmail.com', '3519609446'),
	('S88', 'Bhaskar', 'Bhaskar', 'Raju', '21', 'Male', 'Bhaskar@gmail.com', '1278686015'),
	('S89', 'Bhashir', 'Bhashir', 'Khan', '22', 'Male', 'Bhashir@gmail.com', '4075421515'),
	('S90', 'Nishu', 'Nishu', 'A A', '20', 'Female', 'Nishu@gmail.com', '5927987256'),
	('S91', 'Nisha', 'Nisha', 'S', '20', 'Female', 'Nisha@gmail.com', '1680436264'),
	('S92', 'Inchar', 'Inchar', 'B', '20', 'Female', 'Inchar@gmail.com', '2178925405'),
	('S93', 'Yashaswini', 'Yashaswini', 'M S', '20', 'Female', 'Yashaswini@gmail.com', '4398861821'),
	('S94', 'Prathima', 'Prathima', 'H P', '22', 'Female', 'Prathima@gmail.com', '4818957080'),
	('S95', 'Abhi', 'Abhi', 'S', '26', 'Male', 'Abhi@gmail.com', '3802921436'),
	('S96', 'Manoj', 'Manoj', 'P', '26', 'Male', 'Manoj@gmail.com', '1562498144'),
	('S97', 'Fiza', 'Fiza', 'Khanm', '26', 'Female', 'Fiza@gmail.com', '1293336069'),
	('S98', 'Laiba', 'Laiba', 'Fridose', '30', 'Female', 'Laiba@gmail.com', '6624483235'),
	('S99', 'Alia', 'Alia', 'Bhat', '25', 'Male', 'Alia@gmail.com', '9414144539'),
	('S100', 'Jaswanth', 'Jaswanth', 'H G', '24', 'Male', 'Jaswanth@gmail.com', '9987479891'),
	('S101', 'Inder', 'Inder', 'Kumar', '25', 'Male', 'Inder@gmail.com', '5591423808'),
	('S102', 'Rakesh', 'Rakesh', 'P', '26', 'Male', 'Rakesh@gmail.com', '8375940155'),
	('S103', 'Shabbir', 'Shabbir', 'Ahmed', '24', 'Male', 'Shabbir@gmail.com', '2165094795'),
	('S104', 'Gufran', 'Gufran', 'Shariff', '25', 'Male', 'Gufran@gmail.com', '2137237200'),
	('S105', 'Firdose', 'Firdose', 'Banu', '28', 'Female', 'Firdose@gmail.com', '8376106273'),
	('S106', 'Maimunnsia', 'Syed', 'Maimunnsia', '27', 'Female', 'Maimunnsia@gmail.com', '4635107372');
	INSERT INTO studentinfo (student_id, username, s_firstname, s_lastname, age, gender, email, phonenumber) VALUES
	('S202', 'Raki', 'Raki', 'P', '29', 'Male', 'Raki@gmail.com', '9537940155'),
	('S123', 'Raju', 'Raju', 'Kumar', '29', 'Male', 'Raju@gmail.com', '8765094795'),
	('S014', 'Murali', 'Murali', 'R', '28', 'Male', 'Murali@gmail.com', '923728700'),
	('S305', 'Sadiya', 'Sadiya', 'Sulthan', '28', 'Female', 'Sadiya@gmail.com', '9386206273'),
	('S006', 'Manjulla', 'Manjulla', 'Shrinivasa', '27', 'Female', 'Manjulla@gmail.com', '9465107372');
	INSERT INTO studentinfo (student_id, username, s_firstname, s_lastname, age, gender, email, phonenumber) VALUES
	('S072', 'Ramu', 'Ramu', 'S', '24', 'Male', 'Ramu@gmail.com', '9351420468'),
	('S402', 'Mani', 'Mani', 'H S', '24', 'Male', 'Mani@gmail.com', '7703592107'),
	('S262', 'Anu', 'Anu', 'B', '24', 'Female', 'Anu@gmail.com', '9971451283'),
	delete from studentinfo
	where student_id='S402';

select * from facultyinfo;
insert into facultyinfo values('T01','Raj','Kumar','S',40,'Male','rajkumar@gmail.com',7894563210);

INSERT INTO facultyinfo (faculty_id, username, firstname, lastname, age, gender, email, phonenumber) VALUES
	('T02', 'Kavitha', 'Kavitha', 'S', '45', 'Female', 'Kavitha@gmail.com', '5788777410'),
	('T03', 'Akshitha', 'Akshitha', 'Gowda', '35', 'Female', 'Akshitha@gmail.com', '2250648794'),
	('T04', 'Gowtham', 'Gowtham', 'H M', '30', 'Male', 'Gowtham@gmail.com', '2339687904'),
	('T05', 'Aishwaray', 'Aishwaray', 'S', '29', 'Female', 'Aishwaray@gmail.com', '8723513943'),
	('T06', 'Chandan', 'Chandan', 'Kumar', '35', 'Male', 'Chandan@gmail.com', '8826892280'),
	('T07', 'Niveditha', 'Niveditha', 'Gowda', '45', 'Female', 'Niveditha@gmail.com', '5938092653'),
	('T08', 'Karthi', 'Karthi', 'Gowda', '48', 'Male', 'Karthi@gmail.com', '8839346311'),
	('T09', 'Lavanaya', 'Lavanaya', 'V K', '55', 'Female', 'Lavanaya@gmail.com', '8309206833'),
	('T10', 'Prashanth', 'Prashanth', 'K ', '60', 'Male', 'Prashanth@gmail.com', '7767118226'),
	('T11', 'Basava', 'Basava', 'Raju', '45', 'Male', 'Basava@gmail.com', '2434461503'),
	('T12', 'Pooja', 'Pooja', 'H S', '38', 'Female', 'Pooja@gmail.com', '2596784689'),
	('T13', 'Swathi', 'Swathi', 'Raju', '35', 'Female', 'Swathi@gmail.com', '9854147119'),
	('T14', 'Roopa', 'Roopa', 'Kumari', '36', 'Female', 'Roopa@gmail.com', '5998771724'),
	('T15', 'Rakshith', 'Rakshith', 'VD', '34', 'Female', 'Rakshith@gmail.com', '7357521449'),
	('T16', 'Lokesh', 'Lokesh', 'H S', '37', 'Male', 'Lokesh@gmail.com', '5028881338'),
	('T17', 'Sachin', 'Sachin', 'Gowda', '39', 'Male', 'Sachin@gmail.com', '2454707192'),
	('T18', 'Kavitha', 'Kavitha', 'M S', '45', 'Female', 'Kavitha@gmail.com', '8594436114'),
	('T19', 'Hemath', 'Hemath', 'M G', '32', 'Male', 'Hemath@gmail.com', '2640551371'),
	('T20', 'Ramu', 'Ramu', 'Gowda', '48', 'Male', 'Ramu@gmail.com', '1620832197');
INSERT INTO facultyinfo (faculty_id, username, f_firstname, f_lastname, age, gender, email, phonenumber) VALUES
	('T21', 'Umesh', 'Umesh', 'Gowda', '48', 'Male', 'Karthi@gmail.com', '9620432185');

select * from addressinfo;

insert into addressinfo(address_id,city,state,country,pincode,student_id) values('A01','Hassan','Karnataka','India','573201','S1');
INSERT INTO addressinfo (address_id, city, state, country, pincode, student_id) VALUES
	('A02', 'Hassan', 'Karnataka', 'India', '573201', 'S2'),
	('A03', 'Hassan', 'Karnataka', 'India', '573201', 'S3'),
	('A04', 'Hassan', 'Karnataka', 'India', '573201', 'S4'),
	('A05', 'Hassan', 'Karnataka', 'India', '573201', 'S5'),
	('A06', 'Hassan', 'Karnataka', 'India', '573201', 'S6'),
	('A07', 'Hassan', 'Karnataka', 'India', '573201', 'S7'),
	('A08', 'Hassan', 'Karnataka', 'India', '573201', 'S8'),
	('A09', 'Hassan', 'Karnataka', 'India', '573201', 'S9'),
	('A11', 'Hassan', 'Karnataka', 'India', '573201', 'S10'),
	('A15', 'Hassan', 'Karnataka', 'India', '573201', 'S11'),
	('A16', 'Banglore', 'Karnataka', 'India', '560001', 'S12'),
	('A17', 'Mangalore', 'Karnataka', 'India', '575001', 'S13'),
	('A18', 'Mysore ', 'Karnataka', 'India', '570001', 'S14'),
	('A19', 'Hassan', 'Karnataka', 'India', '573201', 'S15'),
	('A20', 'Banglore', 'Karnataka', 'India', '560001', 'S16'),
	('A21', 'Banglore', 'Karnataka', 'India', '560001', 'S17'),
	('A123', 'Banglore', 'Karnataka', 'India', '560001', 'S18'),
	('A24', 'Banglore', 'Karnataka', 'India', '560001', 'S19'),
	('A26', 'Mangalore', 'Karnataka', 'India', '575001', 'S20'),
	('A27', 'Mangalore', 'Karnataka', 'India', '575001', 'S21'),
	('A28', 'Mangalore', 'Karnataka', 'India', '575001', 'S22'),
	('A29', 'Mangalore', 'Karnataka', 'India', '575001', 'S23'),
	('A30', 'Mangalore', 'Karnataka', 'India', '575001', 'S24'),
	('A31', 'Hubil', 'Karnataka', 'India', '580009', 'S25'),
	('A32', 'Hubil', 'Karnataka', 'India', '580009', 'S26'),
	('A33', 'Hubil', 'Karnataka', 'India', '580009', 'S27'),
	('A34', 'Hubil', 'Karnataka', 'India', '580009', 'S28'),
	('A35', 'Hubil', 'Karnataka', 'India', '580009', 'S29'),
	('A36', 'Hassan', 'Karnataka', 'India', '573201', 'S30'),
	('A37', 'Hassan', 'Karnataka', 'India', '573201', 'S31'),
	('A38', 'Hassan', 'Karnataka', 'India', '573201', 'S32'),
	('A39', 'Hassan', 'Karnataka', 'India', '573201', 'S33'),
	('A40', 'Hassan', 'Karnataka', 'India', '573201', 'S34'),
	('A41', 'Hassan', 'Karnataka', 'India', '573201', 'S35'),
	('A42', 'Hassan', 'Karnataka', 'India', '573201', 'S36'),
	('A43', 'Hassan', 'Karnataka', 'India', '573201', 'S37'),
	('A44', 'Hassan', 'Karnataka', 'India', '573201', 'S38'),
	('A45', 'Hassan', 'Karnataka', 'India', '573201', 'S39'),
	('A46', 'Hassan', 'Karnataka', 'India', '573201', 'S40'),
	('A47', 'Mysore ', 'Karnataka', 'India', '573201', 'S41'),
	('A48', 'Hassan', 'Karnataka', 'India', '573201', 'S42'),
	('A49', 'Hassan', 'Karnataka', 'India', '573201', 'S43'),
	('A50', 'Hassan', 'Karnataka', 'India', '573201', 'S44'),
	('A51', 'Banglore', 'Karnataka', 'India', '560001', 'S45'),
	('A52', 'Banglore', 'Karnataka', 'India', '560001', 'S46'),
	('A53', 'Banglore', 'Karnataka', 'India', '560001', 'S47'),
	('A54', 'Banglore', 'Karnataka', 'India', '560001', 'S48'),
	('A55', 'Banglore', 'Karnataka', 'India', '560001', 'S49'),
	('A56', 'Banglore', 'Karnataka', 'India', '560001', 'S50'),
	('A57', 'Banglore', 'Karnataka', 'India', '560001', 'S51'),
	('A58', 'Hubil', 'Karnataka', 'India', '580009', 'S52'),
	('A59', 'Hubil', 'Karnataka', 'India', '580009', 'S53'),
	('A60', 'Hubil', 'Karnataka', 'India', '580009', 'S54'),
	('A61', 'Hubil', 'Karnataka', 'India', '580009', 'S55'),
	('A62', 'Hubil', 'Karnataka', 'India', '580009', 'S56'),
	('A63', 'Hubil', 'Karnataka', 'India', '580009', 'S57'),
	('A64', 'Hubil', 'Karnataka', 'India', '580009', 'S58'),
	('A65', 'Hubil', 'Karnataka', 'India', '580009', 'S59'),
	('A66', 'Hubil', 'Karnataka', 'India', '580009', 'S60'),
	('A67', 'Hubil', 'Karnataka', 'India', '580009', 'S61'),
	('A68', 'Hubil', 'Karnataka', 'India', '580009', 'S62'),
	('A69', 'Hubil', 'Karnataka', 'India', '580009', 'S63'),
	('A70', 'Hubil', 'Karnataka', 'India', '580009', 'S64'),
	('A71', 'Banglore', 'Karnataka', 'India', '560001', 'S65'),
	('A72', 'Banglore', 'Karnataka', 'India', '560001', 'student_id'),
	('A73', 'Banglore', 'Karnataka', 'India', '560001', 'S67'),
	('A74', 'Banglore', 'Karnataka', 'India', '570001', 'S68'),
	('A75', 'Mysore ', 'Karnataka', 'India', '570001', 'S69'),
	('A76', 'Mysore ', 'Karnataka', 'India', '570001', 'S70'),
	('A77', 'Mysore ', 'Karnataka', 'India', '570001', 'S71'),
	('A78', 'Mysore ', 'Karnataka', 'India', '570001', 'S72'),
	('A80', 'Mysore ', 'Karnataka', 'India', '570001', 'S73'),
	('A81', 'Mysore ', 'Karnataka', 'India', '570001', 'S74'),
	('A82', 'Mysore ', 'Karnataka', 'India', '570001', 'S75'),
	('A83', 'Mangalore', 'Karnataka', 'India', '575001', 'S76'),
	('A85', 'Mangalore', 'Karnataka', 'India', '575001', 'S77'),
	('A86', 'Mangalore', 'Karnataka', 'India', '575001', 'S78'),
	('A87', 'Mangalore', 'Karnataka', 'India', '575001', 'S79'),
	('A88', 'Mangalore', 'Karnataka', 'India', '575001', 'S80'),
	('A89', 'Mangalore', 'Karnataka', 'India', '575001', 'S81'),
	('A90', 'Mangalore', 'Karnataka', 'India', '575001', 'S82'),
	('A91', 'Mangalore', 'Karnataka', 'India', '575001', 'S83'),
	('A92', 'Mangalore', 'Karnataka', 'India', '575001', 'S84'),
	('A93', 'Mangalore', 'Karnataka', 'India', '575001', 'S85'),
	('A94', 'Mangalore', 'Karnataka', 'India', '575001', 'S86'),
	('A95', 'Mangalore', 'Karnataka', 'India', '575001', 'S87'),
	('A96', 'Hubli', 'Karnataka', 'India', '580009', 'S88'),
	('A97', 'Hubli', 'Karnataka', 'India', '580009', 'S89'),
	('A98', 'Hubli', 'Karnataka', 'India', '580009', 'S90'),
	('A99', 'Hubli', 'Karnataka', 'India', '580009', 'S91'),
	('A100', 'Hubli', 'Karnataka', 'India', '580009', 'S92'),
	('A101', 'Hubli', 'Karnataka', 'India', '580009', 'S93'),
	('A134', 'Hubli', 'Karnataka', 'India', '580009', 'S94'),
	('A165', 'Hubli', 'Karnataka', 'India', '580009', 'S95');
INSERT INTO addressinfo (address_id, city, state, country, pincode, student_id) VALUES
	('A146', 'Hubli', 'Karnataka', 'India', '580009', 'S96'),
	('A153', 'Hubli', 'Karnataka', 'India', '580009', 'S97'),
	('A104', 'Hubli', 'Karnataka', 'India', '580009', 'S98'),
	('A105', 'Hassan', 'Karnataka', 'India', '573201', 'S99'),
	('A106', 'Hassan', 'Karnataka', 'India', '573201', 'S100'),
	('A107', 'Hassan', 'Karnataka', 'India', '573201', 'S101'),
	('A108', 'Hassan', 'Karnataka', 'India', '573201', 'S102'),
	('A109', 'Hassan', 'Karnataka', 'India', '573201', 'S103'),
	('A110', 'Hassan', 'Karnataka', 'India', '573201', 'S104'),
	('A119', 'Hassan', 'Karnataka', 'India', '573201', 'S105'),
	('A786', 'Hassan', 'Karnataka', 'India', '573201', 'S106');

insert into addressinfo(address_id,city,state,country,pincode,faculty_id) values('A010','Hassan','Karnataka','India','573201','T01');
INSERT INTO addressinfo(address_id, city, state, country, pincode, faculty_id) VALUES
	('A84', 'Hassan', 'Karnakata', 'India', '573201', 'T02'),
	('A79', 'Hassan', 'Karnakata', 'India', '573201', 'T03'),
	('A103', 'Hassan', 'Karnakata', 'India', '573201', 'T04'),
	('A102', 'Hassan', 'Karnakata', 'India', '573201', 'T05'),
	('A25', 'Hassan', 'Karnakata', 'India', '573201', 'T06'),
	('A12', 'Hassan', 'Karnakata', 'India', '573201', 'T07'),
	('A13', 'Hassan', 'Karnakata', 'India', '573201', 'T08'),
	('A14', 'Hassan', 'Karnakata', 'India', '573201', 'T09'),
	('A121', 'Hassan', 'Karnakata', 'India', '573201', 'T10'),
	('A22', 'Hassan', 'Karnakata', 'India', '573201', 'T11'),
	('A23', 'Hassan', 'Karnakata', 'India', '573201', 'T12'),
	('A124', 'Hassan', 'Karnakata', 'India', '573201', 'T13'),
	('A130', 'Hassan', 'Karnakata', 'India', '573201', 'T14'),
	('A115', 'Hassan', 'Karnakata', 'India', '573201', 'T15'),
	('A117', 'Hassan', 'Karnakata', 'India', '573201', 'T16'),
	('A111', 'Hassan', 'Karnakata', 'India', '573201', 'T17'),
	('A112', 'Hassan', 'Karnakata', 'India', '573201', 'T18'),
	('A125', 'Hassan', 'Karnakata', 'India', '573201', 'T19'),
	('A135', 'Hassan', 'Karnakata', 'India', '573201', 'T20');


select * from classroominfo;

insert into classroominfo values('R01',30,'Class Room','Seminar Classrooms');

INSERT INTO classroominfo (classroom_id, capacity, roomtype, facilities) VALUES
	('ER01', '60', 'Exam Room', 'Exam Hall');
	('R03', '30', 'Class Room', 'Lecture Classroom'),
	('R04', '30', 'Class Room', 'Lecture Classroom'),
	('R05', '45', 'Class Room', 'Lecture Classroom'),
	('R06', '30', 'Laboratories', 'Computer Laboratories'),
	('R07', '60', 'Class Room', 'Seminar Classroom'),
	('R08', '60', 'Class Room', 'Lecture Classroom'),
	('R09', '60', 'Class Room', 'Lecture Classroom'),
	('R10', '60', 'Class Room', 'Lecture Classroom'),
	('R11', '60', 'Class Room', 'Seminar Classroom'),
	('R12', '45', 'Class Room', 'Seminar Classroom'),
	('R13', '60', 'Laboratories', 'Science Laboratories'),
	('R14', '30', 'Laboratories', 'Computer Laboratories'),
	('R15', '60', 'Class Room', 'Seminar Classroom'),
	('R16', '60', 'Class Room', 'Seminar Classroom'),
	('R17', '30', 'Class Room', 'Seminar Classroom'),
	('R18', '45', 'Class Room', 'Seminar Classroom'),
	('R19', '60', 'Class Room', 'Lecture Classroom'),
	('R20', '60', 'Class Room', 'Lecture Classroom'),
	('R21', '30', 'Class Room', 'Lecture Classroom'),
	('R22', '150', 'Libraries', 'Libraries'),
	('R23', '60', 'Class Room', 'Seminar Classrooms'),
	('R24', '60', 'Class Room', 'Seminar Classrooms'),
	('R25', '60', 'Class Room', 'Seminar Classrooms'),
	('R26', '300', 'Auditoria', 'Air Conditioner');

select * from couresinfo;



--alter table couresinfo
---drop column requirement;

insert into couresinfo values('P01', 'Java', '10+2', 60, 6);
insert into couresinfo values('P02', 'SQL', '10+2', 60, 6);
insert into couresinfo values('P03', 'SQL and Adv.SQL', 'Degree', 60, 6);
insert into couresinfo values('P04', 'Python', 'Degree', 30,3);
insert into couresinfo values('P05', 'AWS', 'Degree', 45,9);
insert into couresinfo values('P06','R','10+2',60,6);
insert into couresinfo values('P07','Angular','Degree',50,6);
insert into couresinfo values('P08','Web Tech','10+2',45,3);
insert into couresinfo values('P09','Java Full Stack','Master`s',30,12);
insert into couresinfo values('P10','Jdbc','Degree',30,3);
insert into couresinfo values('P11','Odbc','Degree',30,3);
insert into couresinfo values('P15','J2ee','Degree',30,9);
insert into couresinfo values('P12','Servelt','Degree',45,9);
insert into couresinfo values('P13','Git and Github','10+2',75,2);
insert into couresinfo values('P14','Java Script','10+2',45,9);
insert into couresinfo values('P16','Adv. Java','Degree',30,6);
insert into couresinfo values('P20','Adv. Python','Degree',30,6);
insert into couresinfo values('P21','Flask','Degree',60,9);
insert into couresinfo values('P22','Spring and Spring Boot','Degree',45,9);
insert into couresinfo values('P23','Recat','Degree',30,3);
insert into couresinfo values('P24','Python Full Stack','Master`s',30,12);
insert into couresinfo values('P26','Free','all',0,0);

select * from classroominfo;
select * from couresinfo;
select * from class;
update class
set time ='14:30'
where class_id='C03'
;


insert into class values('class_id','R01','P01','T01',1,'9:30:00');
insert into class values('C02','R01','P02','T01',2,'11:59:0');
insert into class values('C03','R01','P01','T01',3,'2:30:0');
select * from couresinfo;
select * from class;
select * from classroominfo;
select * from facultyinfo;
-- Inserting records for lab classes (1 day with 2 hours duration)
INSERT INTO class (class_id, classroom_id, coures_id, faculty_id, period, time)
VALUES
  ('L01', 'R13', 'P01', 'T01', 1, '08:00:00'),
  ('L02', 'R13', 'P01', 'T02', 2, '10:00:00'),
  ('L03', 'R06', 'P03', 'T03', 3, '10:00:00'),
  ('L04', 'R06', 'P04', 'T04', 4, '12:00:00'),
  ('L05', 'R14', 'P05', 'T05', 5, '12:00:00'),
  ('L06', 'R14', 'P06', 'T06', 6, '14:00:00');
  select * from couresinfo;
  select * from class
-- Inserting records for regular classes (6 days)
INSERT INTO class (class_id, classroom_id, coures_id, faculty_id, period, startingtime,endingtime,Days_id)
VALUES
  ('class_id', 'R01', 'P01', 'T01', 1, '08:00:00','09:00:00',1),
  ('C02', 'R02', 'P02', 'T02', 2, '09:00:00','10:00:00',1),
  ('C03', 'R03', 'P03', 'T03', 3, '10:00:00','11:00:00',1),
  ('C04', 'R04', 'P04', 'T04', 4, '11:20:00','12:20:00',1),
  ('C05', 'R05', 'P05', 'T05', 5, '12:30:00','13:30:00',1),
  ('C06', 'R06', 'P06', 'T06', 6, '14:00:00','15:00:00',1),
  ('L01', 'R13', 'P24', 'T01', 7, '15:00:00','17:10:00',1),

  ('C08', 'R08', 'P08', 'T08', 1, '08:00:00','09:00:00',2),
  ('C09', 'R09', 'P09', 'T09', 2, '09:00:00','10:00:00',2),
  ('C10', 'R10', 'P10', 'T10', 3, '10:00:00','11:00:00',2),
  ('C11', 'R11', 'P11', 'T11', 4, '11:20:00','12:20:00',2),
  ('C12', 'R12', 'P12', 'T12', 5, '12:30:00','13:30:00',2),
  ('C13', 'R01', 'P13', 'T13', 6, '14:00:00','15:00:00',2),
  ('L02', 'R06', 'P10', 'T02', 7, '15:00:00','17:10:00',2),

  ('C15', 'R15', 'P15', 'T15', 1, '08:00:00','09:00:00',3),
  ('C16', 'R16', 'P16', 'T16', 2, '09:00:00','10:00:00',3),
  ('C17', 'R17', 'P20', 'T17', 3, '10:00:00','11:00:00',3),
  ('C18', 'R18', 'P21', 'T18', 4, '11:20:00','12:20:00',3),
  ('C19', 'R19', 'P22', 'T19', 5, '12:30:00','13:30:00',3),
  ('C20', 'R20', 'P23', 'T20', 6, '14:00:00','15:00:00',3),
  ('L03', 'R06', 'P13', 'T03', 7, '15:00:00','17:10:00',3),

  

  ('C22', 'R02', 'P25', 'T02', 1, '08:00:00','09:00:00',4),
  ('C23', 'R23', 'P26', 'T03', 2, '09:00:00','10:00:00',4),
  ('C24', 'R24', 'P01', 'T04', 3, '10:00:00','11:00:00',4),
  ('C25', 'R25', 'P02', 'T05', 4, '11:20:00','12:20:00',4),
  ('C26', 'R01', 'P03', 'T06', 5, '12:30:00','13:30:00',4),
  ('C27', 'R02', 'P04', 'T07', 6, '14:00:00','15:00:00',4),
  ('L04', 'R06', 'P15', 'T04', 7, '15:00:00','17:10:00',4),

  
  ('C29', 'R04', 'P06', 'T09', 1, '08:00:00','09:00:00',5),
  ('C30', 'R05', 'P07', 'T10', 2, '09:00:00','10:00:00',5),
  ('C31', 'R06', 'P08', 'T11', 3, '10:00:00','11:00:00',5),
  ('C32', 'R07', 'P09', 'T12', 4, '11:20:00','12:20:00',5),
  ('C33', 'R08', 'P10', 'T13', 5, '12:30:00','13:30:00',5),
  ('C34', 'R09', 'P11', 'T14', 6, '14:00:00','15:00:00',5),
  ('L05', 'R14', 'P20', 'T05', 7, '15:00:00','17:10:00',5),

  
  ('C07', 'R07', 'P07', 'T07', 1, '08:00:00','09:00:00',6),
  ('C14', 'R04', 'P14', 'T14', 2, '09:00:00','10:00:00',6),
  ('C21', 'R21', 'P24', 'T01', 3, '10:00:00','11:00:00',6),
  ('C28', 'R03', 'P05', 'T08', 4, '11:20:00','12:20:00',6),
  ('C36', 'R11', 'P01', 'T16', 5 ,'12:30:00','13:30:00',6),
  ('C35', 'R10', 'P12', 'T15', 6, '14:00:00','15:00:00',6),
  ('L06', 'R14', 'P11', 'T06', 7, '15:00:00','17:10:00',6);

INSERT INTO class (class_id, classroom_id, coures_id, faculty_id, period, startingtime, endingtime,Days_id)
VALUES
  ('C41', 'R17', 'P07', 'T07', 1, '08:00:00','09:00:00',5),
  ('C42', 'R14', 'P14', 'T14', 2, '09:00:00','10:00:00',4),
  ('C43', 'R21', 'P24', 'T01', 3, '10:00:00','11:00:00',3),
  ('C38', 'R23', 'P05', 'T08', 4, '11:20:00','12:20:00',1),
  ('C44', 'R11', 'P01', 'T16', 5 ,'12:30:00','13:30:00',1),
  ('C45', 'R10', 'P12', 'T15', 6, '14:00:00','15:00:00',4),
  ('C46', 'R14', 'P11', 'T06', 7, '15:00:00','16:10:00',5);




  
  select * from facultyinfo;
	select * from classroominfo;
	Select * from class;
	select * from couresinfo;
insert into student_class values('class_id','S1');

select Count(*)  from student_class;


  
  select * from facultyinfo;
	select * from classroominfo;
	Select * from class;
	select * from couresinfo;
insert into student_class values('class_id','S1');

drop table student_class;
select * 
from student_class;



select *  from student_class

INSERT INTO student_class (class_id, student_id) VALUES ('C01', 'S01');
INSERT INTO student_class (class_id, student_id) VALUES ('C02', 'S02');
INSERT INTO student_class (class_id, student_id) VALUES ('C03', 'S03');
INSERT INTO student_class (class_id, student_id) VALUES ('C04', 'S04');
INSERT INTO student_class (class_id, student_id) VALUES ('C05', 'S05');
INSERT INTO student_class (class_id, student_id) VALUES ('C06', 'S06');
INSERT INTO student_class (class_id, student_id) VALUES ('C07', 'S07');
INSERT INTO student_class (class_id, student_id) VALUES ('C08', 'S08');
INSERT INTO student_class (class_id, student_id) VALUES ('C09', 'S09');
INSERT INTO student_class (class_id, student_id) VALUES ('C10', 'S10');
INSERT INTO student_class (class_id, student_id) VALUES ('C11', 'S11');
INSERT INTO student_class (class_id, student_id) VALUES ('C12', 'S12');
INSERT INTO student_class (class_id, student_id) VALUES ('C13', 'S13');
INSERT INTO student_class (class_id, student_id) VALUES ('C14', 'S14');
INSERT INTO student_class (class_id, student_id) VALUES ('C15', 'S15');
INSERT INTO student_class (class_id, student_id) VALUES ('C16', 'S16');
INSERT INTO student_class (class_id, student_id) VALUES ('C17', 'S17');
INSERT INTO student_class (class_id, student_id) VALUES ('C18', 'S18');
INSERT INTO student_class (class_id, student_id) VALUES ('C19', 'S19');
INSERT INTO student_class (class_id, student_id) VALUES ('C20', 'S20');
INSERT INTO student_class (class_id, student_id) VALUES ('C21', 'S21');
INSERT INTO student_class (class_id, student_id) VALUES ('C22', 'S22');
INSERT INTO student_class (class_id, student_id) VALUES ('C23', 'S23');
INSERT INTO student_class (class_id, student_id) VALUES ('C24', 'S24');
INSERT INTO student_class (class_id, student_id) VALUES ('C25', 'S25');
INSERT INTO student_class (class_id, student_id) VALUES ('C26', 'S26');
INSERT INTO student_class (class_id, student_id) VALUES ('C27', 'S27');
INSERT INTO student_class (class_id, student_id) VALUES ('C28', 'S28');
INSERT INTO student_class (class_id, student_id) VALUES ('C29', 'S29');
INSERT INTO student_class (class_id, student_id) VALUES ('C30', 'S30');
INSERT INTO student_class (class_id, student_id) VALUES ('C31', 'S31');
INSERT INTO student_class (class_id, student_id) VALUES ('C32', 'S32');
INSERT INTO student_class (class_id, student_id) VALUES ('C33', 'S33');
INSERT INTO student_class (class_id, student_id) VALUES ('C34', 'S34');
INSERT INTO student_class (class_id, student_id) VALUES ('C35', 'S35');
INSERT INTO student_class (class_id, student_id) VALUES ('L01', 'S36');
INSERT INTO student_class (class_id, student_id) VALUES ('L02', 'S37');
INSERT INTO student_class (class_id, student_id) VALUES ('L03', 'S38');
INSERT INTO student_class (class_id, student_id) VALUES ('L04', 'S39');
INSERT INTO student_class (class_id, student_id) VALUES ('L05', 'S40');
INSERT INTO student_class (class_id, student_id) VALUES ('L06', 'S41');
INSERT INTO student_class (class_id, student_id) VALUES ('L01', 'S01');
INSERT INTO student_class (class_id, student_id) VALUES ('L02', 'S02');
INSERT INTO student_class (class_id, student_id) VALUES ('L03', 'S03');
INSERT INTO student_class (class_id, student_id) VALUES ('L04', 'S04');
INSERT INTO student_class (class_id, student_id) VALUES ('L05', 'S05');
INSERT INTO student_class (class_id, student_id) VALUES ('L06', 'S06');
INSERT INTO student_class (class_id, student_id) VALUES ('L01', 'S07');
INSERT INTO student_class (class_id, student_id) VALUES ('L02', 'S08');
INSERT INTO student_class (class_id, student_id) VALUES ('L03', 'S09');
INSERT INTO student_class (class_id, student_id) VALUES ('L04', 'S10');
INSERT INTO student_class (class_id, student_id) VALUES ('L05', 'S11');
INSERT INTO student_class (class_id, student_id) VALUES ('L06', 'S12');
INSERT INTO student_class (class_id, student_id) VALUES ('L01', 'S13');
INSERT INTO student_class (class_id, student_id) VALUES ('L02', 'S14');
INSERT INTO student_class (class_id, student_id) VALUES ('L03', 'S15');
INSERT INTO student_class (class_id, student_id) VALUES ('L04', 'S16');
INSERT INTO student_class (class_id, student_id) VALUES ('L05', 'S17');
INSERT INTO student_class (class_id, student_id) VALUES ('L06', 'S18');
INSERT INTO student_class (class_id, student_id) VALUES ('L01', 'S19');
INSERT INTO student_class (class_id, student_id) VALUES ('L02', 'S20');
INSERT INTO student_class (class_id, student_id) VALUES ('L03', 'S21');
INSERT INTO student_class (class_id, student_id) VALUES ('L04', 'S22');
INSERT INTO student_class (class_id, student_id) VALUES ('L05', 'S23');
INSERT INTO student_class (class_id, student_id) VALUES ('L06', 'S24');
INSERT INTO student_class (class_id, student_id) VALUES ('L01', 'S25');
INSERT INTO student_class (class_id, student_id) VALUES ('L02', 'S26');
INSERT INTO student_class (class_id, student_id) VALUES ('L03', 'S27');
INSERT INTO student_class (class_id, student_id) VALUES ('L04', 'S28');
INSERT INTO student_class (class_id, student_id) VALUES ('L05', 'S29');
INSERT INTO student_class (class_id, student_id) VALUES ('L06', 'S30');
INSERT INTO student_class (class_id, student_id) VALUES ('L01', 'S31');
INSERT INTO student_class (class_id, student_id) VALUES ('L02', 'S32');
INSERT INTO student_class (class_id, student_id) VALUES ('L03', 'S33');
INSERT INTO student_class (class_id, student_id) VALUES ('L04', 'S34');
INSERT INTO student_class (class_id, student_id) VALUES ('L05', 'S35');
INSERT INTO student_class (class_id, student_id) VALUES ('class_id', 'S25');
INSERT INTO student_class (class_id, student_id) VALUES ('C02', 'S26');
INSERT INTO student_class (class_id, student_id) VALUES ('C03', 'S27');
INSERT INTO student_class (class_id, student_id) VALUES ('C04', 'S28');
INSERT INTO student_class (class_id, student_id) VALUES ('C05', 'S29');
INSERT INTO student_class (class_id, student_id) VALUES ('C06', 'S30');
INSERT INTO student_class (class_id, student_id) VALUES ('C07', 'S31');
INSERT INTO student_class (class_id, student_id) VALUES ('C08', 'S32');
INSERT INTO student_class (class_id, student_id) VALUES ('C09', 'S33');
INSERT INTO student_class (class_id, student_id) VALUES ('C10', 'S34');
INSERT INTO student_class (class_id, student_id) VALUES ('C11', 'S35');
INSERT INTO student_class (class_id, student_id) VALUES ('C12', 'S36');
INSERT INTO student_class (class_id, student_id) VALUES ('C13', 'S37');
INSERT INTO student_class (class_id, student_id) VALUES ('C23', 'S10');
INSERT INTO student_class (class_id, student_id) VALUES ('C24', 'S11');
INSERT INTO student_class (class_id, student_id) VALUES ('C25', 'S12');
INSERT INTO student_class (class_id, student_id) VALUES ('C26', 'S13');
INSERT INTO student_class (class_id, student_id) VALUES ('C27', 'S14');
INSERT INTO student_class (class_id, student_id) VALUES ('C28', 'S15');
INSERT INTO student_class (class_id, student_id) VALUES ('C29', 'S16');
INSERT INTO student_class (class_id, student_id) VALUES ('C30', 'S17');
INSERT INTO student_class (class_id, student_id) VALUES ('C31', 'S18');
INSERT INTO student_class (class_id, student_id) VALUES ('C32', 'S19');
INSERT INTO student_class (class_id, student_id) VALUES ('C33', 'S20');
INSERT INTO student_class (class_id, student_id) VALUES ('C34', 'S21');
INSERT INTO student_class (class_id, student_id) VALUES ('C35', 'S22');
INSERT INTO student_class (class_id, student_id) VALUES ('C36', 'S23');
INSERT INTO student_class (class_id, student_id) VALUES ('C38', 'S38');
INSERT INTO student_class (class_id, student_id) VALUES ('C41', 'S41');
INSERT INTO student_class (class_id, student_id) VALUES ('C42', 'S42');
INSERT INTO student_class (class_id, student_id) VALUES ('C43', 'S43');
INSERT INTO student_class (class_id, student_id) VALUES ('C44', 'S44');
INSERT INTO student_class (class_id, student_id) VALUES ('C45', 'S45');
INSERT INTO student_class (class_id, student_id) VALUES ('C46', 'S46');
INSERT INTO student_class (class_id, student_id) VALUES ('C51', 'S51');
INSERT INTO student_class (class_id, student_id) VALUES ('C30', 'S100');
INSERT INTO student_class (class_id, student_id) VALUES ('C31', 'S101');
INSERT INTO student_class (class_id, student_id) VALUES ('C32', 'S102');
INSERT INTO student_class (class_id, student_id) VALUES ('C33', 'S103');
INSERT INTO student_class (class_id, student_id) VALUES ('C20', 'S90');
INSERT INTO student_class (class_id, student_id) VALUES ('C21', 'S91');
INSERT INTO student_class (class_id, student_id) VALUES ('C22', 'S92');
INSERT INTO student_class (class_id, student_id) VALUES ('C23', 'S93');
INSERT INTO student_class (class_id, student_id) VALUES ('C24', 'S94');
INSERT INTO student_class (class_id, student_id) VALUES ('C25', 'S95');
INSERT INTO student_class (class_id, student_id) VALUES ('C26', 'S96');
INSERT INTO student_class (class_id, student_id) VALUES ('C27', 'S97');
INSERT INTO student_class (class_id, student_id) VALUES ('C28', 'S98');
INSERT INTO student_class (class_id, student_id) VALUES ('C29', 'S99');
INSERT INTO student_class (class_id, student_id) VALUES ('L06', 'S90');
INSERT INTO student_class (class_id, student_id) VALUES ('L01', 'S91');
INSERT INTO student_class (class_id, student_id) VALUES ('L02', 'S92');
INSERT INTO student_class (class_id, student_id) VALUES ('L03', 'S93');
INSERT INTO student_class (class_id, student_id) VALUES ('L04', 'S94');
INSERT INTO student_class (class_id, student_id) VALUES ('L05', 'S95');
INSERT INTO student_class (class_id, student_id) VALUES ('L06', 'S96');
INSERT INTO student_class (class_id, student_id) VALUES ('L01', 'S97');
INSERT INTO student_class (class_id, student_id) VALUES ('L05', 'S98');
INSERT INTO student_class (class_id, student_id) VALUES ('L04', 'S99');
INSERT INTO student_class (class_id, student_id) VALUES ('L01', 'S100');
INSERT INTO student_class (class_id, student_id) VALUES ('L01', 'S101');
INSERT INTO student_class (class_id, student_id) VALUES ('L02', 'S102');
INSERT INTO student_class (class_id, student_id) VALUES ('L03', 'S103');
INSERT INTO student_class (class_id, student_id) VALUES ('L06', 'S101');
INSERT INTO student_class (class_id, student_id) VALUES ('C07', 'S102');
INSERT INTO student_class (class_id, student_id) VALUES ('C31', 'S103');
INSERT INTO student_class (class_id, student_id) VALUES ('L01', 'S104');
INSERT INTO student_class (class_id, student_id) VALUES ('C08', 'S105');
INSERT INTO student_class (class_id, student_id) VALUES ('C32', 'S106');
INSERT INTO student_class (class_id, student_id) VALUES ('C09', 'S21');
INSERT INTO student_class (class_id, student_id) VALUES ('C33', 'S22');
INSERT INTO student_class (class_id, student_id) VALUES ('L03', 'S23');
INSERT INTO student_class (class_id, student_id) VALUES ('C10', 'S24');
INSERT INTO student_class (class_id, student_id) VALUES ('C34', 'S25');
INSERT INTO student_class (class_id, student_id) VALUES ('L04', 'S26');
INSERT INTO student_class (class_id, student_id) VALUES ('C11', 'S27');
INSERT INTO student_class (class_id, student_id) VALUES ('C35', 'S28');
INSERT INTO student_class (class_id, student_id) VALUES ('C12', 'S30');
INSERT INTO student_class (class_id, student_id) VALUES ('C13', 'S32');
INSERT INTO student_class (class_id, student_id) VALUES ('L02', 'S33');
INSERT INTO student_class (class_id, student_id) VALUES ('C38', 'S34');
INSERT INTO student_class (class_id, student_id) VALUES ('L03', 'S35');
INSERT INTO student_class (class_id, student_id) VALUES ('L04', 'S36');
INSERT INTO student_class (class_id, student_id) VALUES ('L05', 'S37');
INSERT INTO student_class (class_id, student_id) VALUES ('C41', 'S38');
INSERT INTO student_class (class_id, student_id) VALUES ('L06', 'S39');
INSERT INTO student_class (class_id, student_id) VALUES ('C42', 'S40');
INSERT INTO student_class (class_id, student_id) VALUES ('C43', 'S41');
INSERT INTO student_class (class_id, student_id) VALUES ('C44', 'S42');
INSERT INTO student_class (class_id, student_id) VALUES ('C45', 'S43');
INSERT INTO student_class (class_id, student_id) VALUES ('C46', 'S44');
INSERT INTO student_class (class_id, student_id) VALUES ('C51', 'S45');
INSERT INTO student_class (class_id, student_id) VALUES ('C20', 'S46');
INSERT INTO student_class (class_id, student_id) VALUES ('L06', 'S47');
INSERT INTO student_class (class_id, student_id) VALUES ('C21', 'S48');
INSERT INTO student_class (class_id, student_id) VALUES ('L01', 'S49');
INSERT INTO student_class (class_id, student_id) VALUES ('C22', 'S50');
INSERT INTO student_class (class_id, student_id) VALUES ('L02', 'S51');
INSERT INTO student_class (class_id, student_id) VALUES ('C23', 'S52');
INSERT INTO student_class (class_id, student_id) VALUES ('L03', 'S53');
INSERT INTO student_class (class_id, student_id) VALUES ('C24', 'S54');
INSERT INTO student_class (class_id, student_id) VALUES ('L04', 'S55');
INSERT INTO student_class (class_id, student_id) VALUES ('C25', 'S56');
INSERT INTO student_class (class_id, student_id) VALUES ('L05', 'S57');
INSERT INTO student_class (class_id, student_id) VALUES ('C26', 'S58');
INSERT INTO student_class (class_id, student_id) VALUES ('L06', 'S59');
INSERT INTO student_class (class_id, student_id) VALUES ('C27', 'S60');
INSERT INTO student_class (class_id, student_id) VALUES ('L01', 'S61');
INSERT INTO student_class (class_id, student_id) VALUES ('C28', 'S62');
INSERT INTO student_class (class_id, student_id) VALUES ('L05', 'S63');
INSERT INTO student_class (class_id, student_id) VALUES ('C29', 'S64');
INSERT INTO student_class (class_id, student_id) VALUES ('L04', 'S65');
INSERT INTO student_class (class_id, student_id) VALUES ('C45', 'S106');
INSERT INTO student_class (class_id, student_id) VALUES ('C46', 'S21');
INSERT INTO student_class (class_id, student_id) VALUES ('C51', 'S22');
INSERT INTO student_class (class_id, student_id) VALUES ('C30', 'S23');
INSERT INTO student_class (class_id, student_id) VALUES ('C31', 'S24');
INSERT INTO student_class (class_id, student_id) VALUES ('C32', 'S25');
INSERT INTO student_class (class_id, student_id) VALUES ('C33', 'S26');
INSERT INTO student_class (class_id, student_id) VALUES ('C20', 'S27');
INSERT INTO student_class (class_id, student_id) VALUES ('C21', 'S28');
INSERT INTO student_class (class_id, student_id) VALUES ('C22', 'S30');
INSERT INTO student_class (class_id, student_id) VALUES ('C23', 'S32');
INSERT INTO student_class (class_id, student_id) VALUES ('C24', 'S33');
INSERT INTO student_class (class_id, student_id) VALUES ('C25', 'S34');
INSERT INTO student_class (class_id, student_id) VALUES ('C26', 'S35');
INSERT INTO student_class (class_id, student_id) VALUES ('C27', 'S36');
INSERT INTO student_class (class_id, student_id) VALUES ('C28', 'S37');
INSERT INTO student_class (class_id, student_id) VALUES ('C29', 'S38');
INSERT INTO student_class (class_id, student_id) VALUES ('L01', 'S40');
INSERT INTO student_class (class_id, student_id) VALUES ('L02', 'S41');
INSERT INTO student_class (class_id, student_id) VALUES ('L03', 'S42');
INSERT INTO student_class (class_id, student_id) VALUES ('L04', 'S43');
INSERT INTO student_class (class_id, student_id) VALUES ('L05', 'S44');
INSERT INTO student_class (class_id, student_id) VALUES ('L06', 'S45');
INSERT INTO student_class (class_id, student_id) VALUES ('L01', 'S46');
INSERT INTO student_class (class_id, student_id) VALUES ('L05', 'S47');
INSERT INTO student_class (class_id, student_id) VALUES ('L04', 'S48');
INSERT INTO student_class (class_id, student_id) VALUES ('L01', 'S50');
INSERT INTO student_class (class_id, student_id) VALUES ('L03', 'S52');
INSERT INTO student_class (class_id, student_id) VALUES ('L06', 'S53');
INSERT INTO student_class (class_id, student_id) VALUES ('C07', 'S54');
INSERT INTO student_class (class_id, student_id) VALUES ('C31', 'S55');
INSERT INTO student_class (class_id, student_id) VALUES ('L01', 'S56');
INSERT INTO student_class (class_id, student_id) VALUES ('C08', 'S57');
INSERT INTO student_class (class_id, student_id) VALUES ('C27', 'S58');
INSERT INTO student_class (class_id, student_id) VALUES ('C28', 'S59');
INSERT INTO student_class (class_id, student_id) VALUES ('C29', 'S60');
INSERT INTO student_class (class_id, student_id) VALUES ('C30', 'S61');
INSERT INTO student_class (class_id, student_id) VALUES ('C31', 'S62');
INSERT INTO student_class (class_id, student_id) VALUES ('C32', 'S63');
INSERT INTO student_class (class_id, student_id) VALUES ('C33', 'S64');
INSERT INTO student_class (class_id, student_id) VALUES ('C02', 'S65');
INSERT INTO student_class (class_id, student_id) VALUES ('C03', 'S05');
INSERT INTO student_class (class_id, student_id) VALUES ('C04', 'S06');
INSERT INTO student_class (class_id, student_id) VALUES ('C05', 'S07');
INSERT INTO student_class (class_id, student_id) VALUES ('C06', 'S08');
INSERT INTO student_class (class_id, student_id) VALUES ('C07', 'S09');
INSERT INTO student_class (class_id, student_id) VALUES ('C08', 'S10');
INSERT INTO student_class (class_id, student_id) VALUES ('C09', 'S11');
INSERT INTO student_class (class_id, student_id) VALUES ('C10', 'S12');
INSERT INTO student_class (class_id, student_id) VALUES ('C11', 'S13');
INSERT INTO student_class (class_id, student_id) VALUES ('C12', 'S14');
INSERT INTO student_class (class_id, student_id) VALUES ('C13', 'S15');
INSERT INTO student_class (class_id, student_id) VALUES ('C14', 'S16');
INSERT INTO student_class (class_id, student_id) VALUES ('C15', 'S17');
INSERT INTO student_class (class_id, student_id) VALUES ('C16', 'S18');
INSERT INTO student_class (class_id, student_id) VALUES ('C17', 'S19');
INSERT INTO student_class (class_id, student_id) VALUES ('C18', 'S20');
INSERT INTO student_class (class_id, student_id) VALUES ('C19', 'S21');
INSERT INTO student_class (class_id, student_id) VALUES ('C20', 'S22');
INSERT INTO student_class (class_id, student_id) VALUES ('C21', 'S23');
INSERT INTO student_class (class_id, student_id) VALUES ('C22', 'S24');
INSERT INTO student_class (class_id, student_id) VALUES ('C23', 'S25');
INSERT INTO student_class (class_id, student_id) VALUES ('C24', 'S26');
INSERT INTO student_class (class_id, student_id) VALUES ('C25', 'S27');
INSERT INTO student_class (class_id, student_id) VALUES ('C26', 'S28');
INSERT INTO student_class (class_id, student_id) VALUES ('C27', 'S29');
INSERT INTO student_class (class_id, student_id) VALUES ('C28', 'S30');
INSERT INTO student_class (class_id, student_id) VALUES ('C29', 'S31');
INSERT INTO student_class (class_id, student_id) VALUES ('C30', 'S32');
INSERT INTO student_class (class_id, student_id) VALUES ('C31', 'S33');
INSERT INTO student_class (class_id, student_id) VALUES ('C32', 'S34');
INSERT INTO student_class (class_id, student_id) VALUES ('C33', 'S35');
INSERT INTO student_class (class_id, student_id) VALUES ('C35', 'S26');
INSERT INTO student_class (class_id, student_id) VALUES ('L01', 'S27');
INSERT INTO student_class (class_id, student_id) VALUES ('L02', 'S28');
INSERT INTO student_class (class_id, student_id) VALUES ('L03', 'S29');
INSERT INTO student_class (class_id, student_id) VALUES ('L04', 'S30');
INSERT INTO student_class (class_id, student_id) VALUES ('L05', 'S31');
INSERT INTO student_class (class_id, student_id) VALUES ('L06', 'S32');
INSERT INTO student_class (class_id, student_id) VALUES ('L01', 'S33');
INSERT INTO student_class (class_id, student_id) VALUES ('L02', 'S34');
INSERT INTO student_class (class_id, student_id) VALUES ('L06', 'S10');
INSERT INTO student_class (class_id, student_id) VALUES ('L01', 'S11');
INSERT INTO student_class (class_id, student_id) VALUES ('L02', 'S12');
INSERT INTO student_class (class_id, student_id) VALUES ('L03', 'S13');
INSERT INTO student_class (class_id, student_id) VALUES ('L04', 'S14');
INSERT INTO student_class (class_id, student_id) VALUES ('L05', 'S15');
INSERT INTO student_class (class_id, student_id) VALUES ('L06', 'S16');
INSERT INTO student_class (class_id, student_id) VALUES ('L01', 'S17');
INSERT INTO student_class (class_id, student_id) VALUES ('L02', 'S18');
INSERT INTO student_class (class_id, student_id) VALUES ('L03', 'S19');
INSERT INTO student_class (class_id, student_id) VALUES ('L04', 'S20');
INSERT INTO student_class (class_id, student_id) VALUES ('L05', 'S21');
INSERT INTO student_class (class_id, student_id) VALUES ('L06', 'S22');
INSERT INTO student_class (class_id, student_id) VALUES ('L01', 'S23');

INSERT INTO student_class (student_id, class_id) VALUES ('S66', 'C01');
INSERT INTO student_class (student_id, class_id) VALUES ('S67', 'C02');
INSERT INTO student_class (student_id, class_id) VALUES ('S68', 'C03');
INSERT INTO student_class (student_id, class_id) VALUES ('S69', 'C04');
INSERT INTO student_class (student_id, class_id) VALUES ('S70', 'C05');
INSERT INTO student_class (student_id, class_id) VALUES ('S71', 'C06');
INSERT INTO student_class (student_id, class_id) VALUES ('S72', 'C07');
INSERT INTO student_class (student_id, class_id) VALUES ('S73', 'C08');
INSERT INTO student_class (student_id, class_id) VALUES ('S74', 'C09');
INSERT INTO student_class (student_id, class_id) VALUES ('S75', 'C10');
INSERT INTO student_class (student_id, class_id) VALUES ('S76', 'C11');
INSERT INTO student_class (student_id, class_id) VALUES ('S77', 'C12');
INSERT INTO student_class (student_id, class_id) VALUES ('S78', 'C13');
INSERT INTO student_class (student_id, class_id) VALUES ('S79', 'C23');
INSERT INTO student_class (student_id, class_id) VALUES ('S80', 'C24');
INSERT INTO student_class (student_id, class_id) VALUES ('S81', 'C25');
INSERT INTO student_class (student_id, class_id) VALUES ('S82', 'C26');
INSERT INTO student_class (student_id, class_id) VALUES ('S83', 'C27');
INSERT INTO student_class (student_id, class_id) VALUES ('S84', 'C28');
INSERT INTO student_class (student_id, class_id) VALUES ('S85', 'C29');
INSERT INTO student_class (student_id, class_id) VALUES ('S86', 'C30');
INSERT INTO student_class (student_id, class_id) VALUES ('S87', 'C31');
INSERT INTO student_class (student_id, class_id) VALUES ('S88', 'C32');
INSERT INTO student_class (student_id, class_id) VALUES ('S69', 'C01');
INSERT INTO student_class (student_id, class_id) VALUES ('S70', 'C02');
INSERT INTO student_class (student_id, class_id) VALUES ('S71', 'C03');
INSERT INTO student_class (student_id, class_id) VALUES ('S72', 'C04');
INSERT INTO student_class (student_id, class_id) VALUES ('S73', 'C05');
INSERT INTO student_class (student_id, class_id) VALUES ('S74', 'C06');
INSERT INTO student_class (student_id, class_id) VALUES ('S75', 'C07');
INSERT INTO student_class (student_id, class_id) VALUES ('S76', 'C08');
INSERT INTO student_class (student_id, class_id) VALUES ('S88', 'C09');
INSERT INTO student_class (student_id, class_id) VALUES ('S90', 'C10');
INSERT INTO student_class (student_id, class_id) VALUES ('S75', 'C11');
INSERT INTO student_class (student_id, class_id) VALUES ('S76', 'C12');
INSERT INTO student_class (student_id, class_id) VALUES ('S77', 'C13');
INSERT INTO student_class (student_id, class_id) VALUES ('S78', 'C23');
INSERT INTO student_class (student_id, class_id) VALUES ('S79', 'C24');
INSERT INTO student_class (student_id, class_id) VALUES ('S80', 'C25');
INSERT INTO student_class (student_id, class_id) VALUES ('S81', 'C26');
INSERT INTO student_class (student_id, class_id) VALUES ('S68', 'C27');
INSERT INTO student_class (student_id, class_id) VALUES ('S69', 'C28');
INSERT INTO student_class (student_id, class_id) VALUES ('S70', 'C29');
INSERT INTO student_class (student_id, class_id) VALUES ('S71', 'C30');
INSERT INTO student_class (student_id, class_id) VALUES ('S72', 'C31');

select 
delete from  studentinfo
where student_id='S202';
where student_id in ('S202','S123','S006','S305','S014');

INSERT INTO student_class (student_id, class_id) VALUES ('S202', 'C27');
INSERT INTO student_class (student_id, class_id) VALUES ('S123', 'C28');
INSERT INTO student_class (student_id, class_id) VALUES ('S006', 'C29');
INSERT INTO student_class (student_id, class_id) VALUES ('S305', 'C30');


INSERT INTO student_class (student_id) VALUES ('S072');
INSERT INTO student_class (student_id) VALUES ('S402');
INSERT INTO student_class (student_id) VALUES ('S262');
delete from student_class
where student_id='S262';


INSERT INTO Days (Days_id, Weekdays)
VALUES
    (1, 'Monday'),
    (2, 'Tuesday'),
    (3, 'Wednesday'),
    (4, 'Thursday'),
    (5, 'Friday'),
    (6, 'Saturday'),
    (7, 'Sunday');


INSERT INTO examcenter (center_id, centername) VALUES ('Eclass_id', 'SVM');
INSERT INTO examcenter (center_id, centername) VALUES ('EC02', 'BGS');
INSERT INTO examcenter (center_id, centername) VALUES ('EC03', 'Sri Venkateshwara College');
INSERT INTO examcenter (center_id, centername) VALUES ('EC04', 'Navkis College');
INSERT INTO examcenter (center_id, centername) VALUES ('EC05', 'NDRKIT');
INSERT INTO examcenter (center_id, centername) VALUES ('EC06', 'Govt.Science College');
INSERT INTO examcenter (center_id, centername) VALUES ('EC07', 'Cks');
INSERT INTO examcenter (center_id, centername) VALUES ('EC08', 'SSR');
INSERT INTO examcenter (center_id, centername) VALUES ('EC09', 'RVM');

select *
from examcenter



INSERT INTO marksinfo (marks_id, student_id, class_id, coures_id, couresname, marks, center_id) VALUES ('M01', 'S01', 'C01', 'P01', 'Java', '50', 'Eclass_id');
INSERT INTO marksinfo (marks_id, student_id, class_id, coures_id, couresname, marks, center_id) VALUES ('M02', 'S02', 'C02', 'P02', 'SQL', '60', 'EC02');
INSERT INTO marksinfo (marks_id, student_id, class_id, coures_id, couresname, marks, center_id) VALUES ('M03', 'S03', 'C03', 'P03', 'SQL and Adv.SQL', '45', 'EC03');
INSERT INTO marksinfo (marks_id, student_id, class_id, coures_id, couresname, marks, center_id) VALUES ('M04', 'S04', 'C04', 'P04', 'Python', '75', 'EC04');
INSERT INTO marksinfo (marks_id, student_id, class_id, coures_id, couresname, marks, center_id) VALUES ('M05', 'S05', 'C05', 'P05', 'AWS', '80', 'EC05');
INSERT INTO marksinfo (marks_id, student_id, class_id, coures_id, couresname, marks, center_id) VALUES ('M06', 'S06', 'C06', 'P06', 'R', '90', 'EC06');
INSERT INTO marksinfo (marks_id, student_id, class_id, coures_id, couresname, marks, center_id) VALUES ('M07', 'S07', 'C07', 'P07', 'Angular', '95', 'EC07');
INSERT INTO marksinfo (marks_id, student_id, class_id, coures_id, couresname, marks, center_id) VALUES ('M08', 'S08', 'C08', 'P08', 'Web Tech', '45', 'EC08');
INSERT INTO marksinfo (marks_id, student_id, class_id, coures_id, couresname, marks, center_id) VALUES ('M09', 'S09', 'C09', 'P09', 'Java Full Stack', '32', 'EC09');
INSERT INTO marksinfo (marks_id, student_id, class_id, coures_id, couresname, marks, center_id) VALUES ('M10', 'S10', 'C10', 'P10', 'Jdbc', '45', 'Eclass_id');
INSERT INTO marksinfo (marks_id, student_id, class_id, coures_id, couresname, marks, center_id) VALUES ('M11', 'S11', 'C11', 'P11', 'Odbc', '80', 'Eclass_id');
INSERT INTO marksinfo (marks_id, student_id, class_id, coures_id, couresname, marks, center_id) VALUES ('M12', 'S12', 'C12', 'P12', 'Servelt', '90', 'EC02');
INSERT INTO marksinfo (marks_id, student_id, class_id, coures_id, couresname, marks, center_id) VALUES ('M13', 'S13', 'C13', 'P13', 'Git and Github', '95', 'EC03');
INSERT INTO marksinfo (marks_id, student_id, class_id, coures_id, couresname, marks, center_id) VALUES ('M14', 'S14', 'C14', 'P14', 'Java Script', '94', 'EC04');
INSERT INTO marksinfo (marks_id, student_id, class_id, coures_id, couresname, marks, center_id) VALUES ('M15', 'S15', 'C15', 'P15', 'J2ee', '80', 'EC05');
INSERT INTO marksinfo (marks_id, student_id, class_id, coures_id, couresname, marks, center_id) VALUES ('M16', 'S16', 'C16', 'P16', 'Adv. Java', '88', 'EC06');
INSERT INTO marksinfo (marks_id, student_id, class_id, coures_id, couresname, marks, center_id) VALUES ('M17', 'S17', 'C17', 'P20', 'Adv. Python', '77', 'EC07');
INSERT INTO marksinfo (marks_id, student_id, class_id, coures_id, couresname, marks, center_id) VALUES ('M18', 'S18', 'C18', 'P21', 'Flask', '54', 'EC08');
INSERT INTO marksinfo (marks_id, student_id, class_id, coures_id, couresname, marks, center_id) VALUES ('M19', 'S19', 'C19', 'P22', 'Spring and Spring Boot', '12', 'EC09');
INSERT INTO marksinfo (marks_id, student_id, class_id, coures_id, couresname, marks, center_id) VALUES ('M20', 'S20', 'C20', 'P23', 'Recat', '74', 'Eclass_id');
INSERT INTO marksinfo (marks_id, student_id, class_id, coures_id, couresname, marks, center_id) VALUES ('M21', 'S21', 'C21', 'P24', 'Python Full Stack', '49', 'EC02');
INSERT INTO marksinfo (marks_id, student_id, class_id, coures_id, couresname, marks, center_id) VALUES ('M22', 'S22', 'C22', 'P25', 'Hibranet', '55', 'EC03');
INSERT INTO marksinfo (marks_id, student_id, class_id, coures_id, couresname, marks, center_id) VALUES ('M23', 'S23', 'C23', 'P26', 'Cloud Computing', '64', 'EC04');
INSERT INTO marksinfo (marks_id, student_id, class_id, coures_id, couresname, marks, center_id) VALUES ('M24', 'S24', 'C24', 'P01', 'Java', '71', 'EC05');
INSERT INTO marksinfo (marks_id, student_id, class_id, coures_id, couresname, marks, center_id) VALUES ('M25', 'S25', 'C25', 'P02', 'SQL', '75', 'EC06');
INSERT INTO marksinfo (marks_id, student_id, class_id, coures_id, couresname, marks, center_id) VALUES ('M26', 'S26', 'C26', 'P03', 'SQL and Adv.SQL', '72', 'EC07');
INSERT INTO marksinfo (marks_id, student_id, class_id, coures_id, couresname, marks, center_id) VALUES ('M27', 'S27', 'C27', 'P04', 'Python', '95', 'EC08');
INSERT INTO marksinfo (marks_id, student_id, class_id, coures_id, couresname, marks, center_id) VALUES ('M28', 'S28', 'C28', 'P05', 'AWS', '58', 'EC09');
INSERT INTO marksinfo (marks_id, student_id, class_id, coures_id, couresname, marks, center_id) VALUES ('M29', 'S29', 'C29', 'P06', 'R', '65', 'Eclass_id');
INSERT INTO marksinfo (marks_id, student_id, class_id, coures_id, couresname, marks, center_id) VALUES ('M30', 'S30', 'C30', 'P07', 'Angular', '40', 'Eclass_id');
INSERT INTO marksinfo (marks_id, student_id, class_id, coures_id, couresname, marks, center_id) VALUES ('M31', 'S31', 'C31', 'P08', 'Web Tech', '45', 'EC02');
INSERT INTO marksinfo (marks_id, student_id, class_id, coures_id, couresname, marks, center_id) VALUES ('M32', 'S32', 'C32', 'P09', 'Java Full Stack', '55', 'EC03');
INSERT INTO marksinfo (marks_id, student_id, class_id, coures_id, couresname, marks, center_id) VALUES ('M33', 'S33', 'C33', 'P10', 'Jdbc', '78', 'EC04');
INSERT INTO marksinfo (marks_id, student_id, class_id, coures_id, couresname, marks, center_id) VALUES ('M34', 'S34', 'C34', 'P11', 'Odbc', '95', 'EC05');
INSERT INTO marksinfo (marks_id, student_id, class_id, coures_id, couresname, marks, center_id) VALUES ('M35', 'S35', 'C35', 'P12', 'Servelt', '94', 'EC06');
INSERT INTO marksinfo (marks_id, student_id, class_id, coures_id, couresname, marks, center_id) VALUES ('M36', 'S36', 'L01', 'P24', 'Python Full Stack', '100', 'EC07');
INSERT INTO marksinfo (marks_id, student_id, class_id, coures_id, couresname, marks, center_id) VALUES ('M37', 'S37', 'L02', 'P10', 'Jdbc', '30', 'EC08');
INSERT INTO marksinfo (marks_id, student_id, class_id, coures_id, couresname, marks, center_id) VALUES ('M38', 'S38', 'L03', 'P13', 'Git and Github', '25', 'EC09');
INSERT INTO marksinfo (marks_id, student_id, class_id, coures_id, couresname, marks, center_id) VALUES ('M39', 'S39', 'L04', 'P15', 'J2ee', '50', 'EC06');
INSERT INTO marksinfo (marks_id, student_id, class_id, coures_id, couresname, marks, center_id) VALUES ('M40', 'S40', 'L05', 'P20', 'Adv. Python', '80', 'EC07');
INSERT INTO marksinfo (marks_id, student_id, class_id, coures_id, couresname, marks, center_id) VALUES ('M41', 'S41', 'L06', 'P11', 'Odbc', '70', 'EC08');
INSERT INTO marksinfo (marks_id, student_id, class_id, coures_id, couresname, marks, center_id) VALUES ('M42', 'S01', 'L01', 'P24', 'Python Full Stack', '45', 'EC09');
INSERT INTO marksinfo (marks_id, student_id, class_id, coures_id, couresname, marks, center_id) VALUES ('M43', 'S02', 'L02', 'P10', 'Jdbc', '65', 'EC02');
INSERT INTO marksinfo (marks_id, student_id, class_id, coures_id, couresname, marks, center_id) VALUES ('M44', 'S03', 'L03', 'P13', 'Git and Github', '60', 'Eclass_id');
INSERT INTO marksinfo (marks_id, student_id, class_id, coures_id, couresname, marks, center_id) VALUES ('M45', 'S04', 'L04', 'P15', 'J2ee', '62', 'EC02');
INSERT INTO marksinfo (marks_id, student_id, class_id, coures_id, couresname, marks, center_id) VALUES ('M46', 'S05', 'L05', 'P20', 'Adv. Python', '52', 'EC03');
INSERT INTO marksinfo (marks_id, student_id, class_id, coures_id, couresname, marks, center_id) VALUES ('M47', 'S06', 'L06', 'P11', 'Odbc', '24', 'EC04');
INSERT INTO marksinfo (marks_id, student_id, class_id, coures_id, couresname, marks, center_id) VALUES ('M48', 'S07', 'L01', 'P24', 'Python Full Stack', '21', 'EC05');
INSERT INTO marksinfo (marks_id, student_id, class_id, coures_id, couresname, marks, center_id) VALUES ('M49', 'S08', 'L02', 'P10', 'Jdbc', '28', 'EC06');
INSERT INTO marksinfo (marks_id, student_id, class_id, coures_id, couresname, marks, center_id) VALUES ('M50', 'S09', 'L03', 'P13', 'Git and Github', '29', 'EC07');
INSERT INTO marksinfo (marks_id, student_id, class_id, coures_id, couresname, marks, center_id) VALUES ('M51', 'S10', 'L04', 'P15', 'J2ee', '28', 'EC08');
INSERT INTO marksinfo (marks_id, student_id, class_id, coures_id, couresname, marks, center_id) VALUES ('M52', 'S11', 'L05', 'P20', 'Adv. Python', '45', 'EC09');
INSERT INTO marksinfo (marks_id, student_id, class_id, coures_id, couresname, marks, center_id) VALUES ('M53', 'S12', 'L06', 'P11', 'Odbc', '50', 'Eclass_id');
INSERT INTO marksinfo (marks_id, student_id, class_id, coures_id, couresname, marks, center_id) VALUES ('M54', 'S13', 'L01', 'P24', 'Python Full Stack', '56', 'Eclass_id');
INSERT INTO marksinfo (marks_id, student_id, class_id, coures_id, couresname, marks, center_id) VALUES ('M55', 'S14', 'L02', 'P10', 'Jdbc', '53', 'EC02');
INSERT INTO marksinfo (marks_id, student_id, class_id, coures_id, couresname, marks, center_id) VALUES ('M56', 'S15', 'L03', 'P13', 'Git and Github', '80', 'EC03');
INSERT INTO marksinfo (marks_id, student_id, class_id, coures_id, couresname, marks, center_id) VALUES ('M57', 'S16', 'L04', 'P15', 'J2ee', '88', 'EC04');
INSERT INTO marksinfo (marks_id, student_id, class_id, coures_id, couresname, marks, center_id) VALUES ('M58', 'S17', 'L05', 'P20', 'Adv. Python', '89', 'EC05');
INSERT INTO marksinfo (marks_id, student_id, class_id, coures_id, couresname, marks, center_id) VALUES ('M59', 'S18', 'L06', 'P11', 'Odbc', '84', 'EC06');
INSERT INTO marksinfo (marks_id, student_id, class_id, coures_id, couresname, marks, center_id) VALUES ('M60', 'S19', 'L01', 'P24', 'Python Full Stack', '64', 'EC07');
INSERT INTO marksinfo (marks_id, student_id, class_id, coures_id, couresname, marks, center_id) VALUES ('M61', 'S20', 'L02', 'P10', 'Jdbc', '70', 'EC08');
INSERT INTO marksinfo (marks_id, student_id, class_id, coures_id, couresname, marks, center_id) VALUES ('M62', 'S21', 'L03', 'P13', 'Git and Github', '12', 'EC09');
INSERT INTO marksinfo (marks_id, student_id, class_id, coures_id, couresname, marks, center_id) VALUES ('M63', 'S22', 'L04', 'P15', 'J2ee', '15', 'Eclass_id');
INSERT INTO marksinfo (marks_id, student_id, class_id, coures_id, couresname, marks, center_id) VALUES ('M64', 'S23', 'L05', 'P20', 'Adv. Python', '71', 'EC02');
INSERT INTO marksinfo (marks_id, student_id, class_id, coures_id, couresname, marks, center_id) VALUES ('M65', 'S24', 'L06', 'P11', 'Odbc', '37', 'EC03');
INSERT INTO marksinfo (marks_id, student_id, class_id, coures_id, couresname, marks, center_id) VALUES ('M66', 'S25', 'L01', 'P24', 'Python Full Stack', '62', 'EC04');
INSERT INTO marksinfo (marks_id, student_id, class_id, coures_id, couresname, marks, center_id) VALUES ('M67', 'S26', 'L02', 'P10', 'Jdbc', '69', 'EC05');
INSERT INTO marksinfo (marks_id, student_id, class_id, coures_id, couresname, marks, center_id) VALUES ('M68', 'S27', 'L03', 'P13', 'Git and Github', '78', 'EC06');
INSERT INTO marksinfo (marks_id, student_id, class_id, coures_id, couresname, marks, center_id) VALUES ('M69', 'S28', 'L04', 'P15', 'J2ee', '53', 'EC07');
INSERT INTO marksinfo (marks_id, student_id, class_id, coures_id, couresname, marks, center_id) VALUES ('M70', 'S29', 'L05', 'P20', 'Adv. Python', '49', 'EC08');
INSERT INTO marksinfo (marks_id, student_id, class_id, coures_id, couresname, marks, center_id) VALUES ('M71', 'S30', 'L06', 'P11', 'Odbc', '61', 'EC09');
INSERT INTO marksinfo (marks_id, student_id, class_id, coures_id, couresname, marks, center_id) VALUES ('M72', 'S31', 'L01', 'P24', 'Python Full Stack', '57', 'Eclass_id');
INSERT INTO marksinfo (marks_id, student_id, class_id, coures_id, couresname, marks, center_id) VALUES ('M73', 'S32', 'L02', 'P10', 'Jdbc', '95', 'Eclass_id');
INSERT INTO marksinfo (marks_id, student_id, class_id, coures_id, couresname, marks, center_id) VALUES ('M74', 'S33', 'L03', 'P13', 'Git and Github', '63', 'EC02');
INSERT INTO marksinfo (marks_id, student_id, class_id, coures_id, couresname, marks, center_id) VALUES ('M75', 'S34', 'L04', 'P15', 'J2ee', '48', 'EC03');
INSERT INTO marksinfo (marks_id, student_id, class_id, coures_id, couresname, marks, center_id) VALUES ('M76', 'S35', 'L05', 'P20', 'Adv. Python', '75', 'EC04');
INSERT INTO marksinfo (marks_id, student_id, class_id, coures_id, couresname, marks, center_id) VALUES ('M77', 'S25', 'class_id', 'P01', 'Java', '19', 'EC05');
INSERT INTO marksinfo (marks_id, student_id, class_id, coures_id, couresname, marks, center_id) VALUES ('M78', 'S26', 'C02', 'P02', 'SQL', '29', 'EC06');
INSERT INTO marksinfo (marks_id, student_id, class_id, coures_id, couresname, marks, center_id) VALUES ('M79', 'S27', 'C03', 'P03', 'SQL and Adv.SQL', '35', 'EC07');
INSERT INTO marksinfo (marks_id, student_id, class_id, coures_id, couresname, marks, center_id) VALUES ('M80', 'S28', 'C04', 'P04', 'Python', '46', 'EC08');
INSERT INTO marksinfo (marks_id, student_id, class_id, coures_id, couresname, marks, center_id) VALUES ('M81', 'S29', 'C05', 'P05', 'AWS', '72', 'EC09');
INSERT INTO marksinfo (marks_id, student_id, class_id, coures_id, couresname, marks, center_id) VALUES ('M82', 'S30', 'C06', 'P06', 'R', '72', 'Eclass_id');
INSERT INTO marksinfo (marks_id, student_id, class_id, coures_id, couresname, marks, center_id) VALUES ('M83', 'S31', 'C07', 'P07', 'Angular', '73', 'EC02');
INSERT INTO marksinfo (marks_id, student_id, class_id, coures_id, couresname, marks, center_id) VALUES ('M84', 'S32', 'C08', 'P08', 'Web Tech', '78', 'EC03');
INSERT INTO marksinfo (marks_id, student_id, class_id, coures_id, couresname, marks, center_id) VALUES ('M85', 'S33', 'C09', 'P09', 'Java Full Stack', '46', 'EC04');
INSERT INTO marksinfo (marks_id, student_id, class_id, coures_id, couresname, marks, center_id) VALUES ('M86', 'S34', 'C10', 'P10', 'Jdbc', '42', 'EC05');
INSERT INTO marksinfo (marks_id, student_id, class_id, coures_id, couresname, marks, center_id) VALUES ('M87', 'S35', 'C11', 'P11', 'Odbc', '43', 'EC06');
INSERT INTO marksinfo (marks_id, student_id, class_id, coures_id, couresname, marks, center_id) VALUES ('M88', 'S36', 'C12', 'P12', 'Servelt', '46', 'EC07');
INSERT INTO marksinfo (marks_id, student_id, class_id, coures_id, couresname, marks, center_id) VALUES ('M89', 'S37', 'C13', 'P13', 'Git and Github', '41', 'EC08');
INSERT INTO marksinfo (marks_id, student_id, class_id, coures_id, couresname, marks, center_id) VALUES ('M90', 'S10', 'C23', 'P26', 'Cloud Computing', '85', 'EC09');
INSERT INTO marksinfo (marks_id, student_id, class_id, coures_id, couresname, marks, center_id) VALUES ('M91', 'S11', 'C24', 'P01', 'Java', '96', 'Eclass_id');
INSERT INTO marksinfo (marks_id, student_id, class_id, coures_id, couresname, marks, center_id) VALUES ('M92', 'S12', 'C25', 'P02', 'SQL', '81', 'Eclass_id');
INSERT INTO marksinfo (marks_id, student_id, class_id, coures_id, couresname, marks, center_id) VALUES ('M93', 'S13', 'C26', 'P03', 'SQL and Adv.SQL', '82', 'EC02');
INSERT INTO marksinfo (marks_id, student_id, class_id, coures_id, couresname, marks, center_id) VALUES ('M94', 'S14', 'C27', 'P04', 'Python', '83', 'EC03');
INSERT INTO marksinfo (marks_id, student_id, class_id, coures_id, couresname, marks, center_id) VALUES ('M95', 'S15', 'C28', 'P05', 'AWS', '94', 'EC04');
INSERT INTO marksinfo (marks_id, student_id, class_id, coures_id, couresname, marks, center_id) VALUES ('M96', 'S16', 'C29', 'P06', 'R', '92', 'EC05');
INSERT INTO marksinfo (marks_id, student_id, class_id, coures_id, couresname, marks, center_id) VALUES ('M97', 'S17', 'C30', 'P07', 'Angular', '93', 'EC06');
INSERT INTO marksinfo (marks_id, student_id, class_id, coures_id, couresname, marks, center_id) VALUES ('M98', 'S18', 'C31', 'P08', 'Web Tech', '91', 'EC07');
INSERT INTO marksinfo (marks_id, student_id, class_id, coures_id, couresname, marks, center_id) VALUES ('M99', 'S19', 'C32', 'P09', 'Java Full Stack', '94', 'EC08');
INSERT INTO marksinfo (marks_id, student_id, class_id, coures_id, couresname, marks, center_id) VALUES ('M100', 'S20', 'C33', 'P10', 'Jdbc', '91', 'EC09');
INSERT INTO marksinfo (marks_id, student_id, class_id, coures_id, couresname, marks, center_id) VALUES ('M101', 'S21', 'C34', 'P11', 'Odbc', '82', 'EC06');
INSERT INTO marksinfo (marks_id, student_id, class_id, coures_id, couresname, marks, center_id) VALUES ('M102', 'S22', 'C35', 'P12', 'Servelt', '93', 'EC07');
INSERT INTO marksinfo (marks_id, student_id, class_id, coures_id, couresname, marks, center_id) VALUES ('M103', 'S23', 'C36', 'P01', 'Java', '97', 'EC08');
INSERT INTO marksinfo (marks_id, student_id, class_id, coures_id, couresname, marks, center_id) VALUES ('M104', 'S38', 'C38', 'P05', 'AWS', '91', 'EC09');
INSERT INTO marksinfo (marks_id, student_id, class_id, coures_id, couresname, marks, center_id) VALUES ('M105', 'S41', 'C41', 'P07', 'Angular', '45', 'EC02');
INSERT INTO marksinfo (marks_id, student_id, class_id, coures_id, couresname, marks, center_id) VALUES ('M106', 'S42', 'C42', 'P14', 'Java Script', '90', 'Eclass_id');
INSERT INTO marksinfo (marks_id, student_id, class_id, coures_id, couresname, marks, center_id) VALUES ('M107', 'S43', 'C43', 'P24', 'Python Full Stack', '82', 'EC02');
INSERT INTO marksinfo (marks_id, student_id, class_id, coures_id, couresname, marks, center_id) VALUES ('M108', 'S44', 'C44', 'P01', 'Java', '93', 'EC03');
INSERT INTO marksinfo (marks_id, student_id, class_id, coures_id, couresname, marks, center_id) VALUES ('M109', 'S45', 'C45', 'P12', 'Servelt', '97', 'EC04');
INSERT INTO marksinfo (marks_id, student_id, class_id, coures_id, couresname, marks, center_id) VALUES ('M110', 'S46', 'C46', 'P11', 'Odbc', '92', 'EC05');
INSERT INTO marksinfo (marks_id, student_id, class_id, coures_id, couresname, marks, center_id) VALUES ('M111', 'S51', 'C51', 'P01', 'Java', '93', 'EC06');
INSERT INTO marksinfo (marks_id, student_id, class_id, coures_id, couresname, marks, center_id) VALUES ('M112', 'S100', 'C30', 'P07', 'Angular', '94', 'EC07');
INSERT INTO marksinfo (marks_id, student_id, class_id, coures_id, couresname, marks, center_id) VALUES ('M113', 'S101', 'C31', 'P08', 'Web Tech', '97', 'EC08');
INSERT INTO marksinfo (marks_id, student_id, class_id, coures_id, couresname, marks, center_id) VALUES ('M114', 'S102', 'C32', 'P09', 'Java Full Stack', '92', 'EC09');
INSERT INTO marksinfo (marks_id, student_id, class_id, coures_id, couresname, marks, center_id) VALUES ('M115', 'S103', 'C33', 'P10', 'Jdbc', '93', 'Eclass_id');
INSERT INTO marksinfo (marks_id, student_id, class_id, coures_id, couresname, marks, center_id) VALUES ('M116', 'S90', 'C20', 'P23', 'Recat', '94', 'Eclass_id');
INSERT INTO marksinfo (marks_id, student_id, class_id, coures_id, couresname, marks, center_id) VALUES ('M117', 'S91', 'C21', 'P24', 'Python Full Stack', '88', 'EC02');
INSERT INTO marksinfo (marks_id, student_id, class_id, coures_id, couresname, marks, center_id) VALUES ('M118', 'S92', 'C22', 'P25', 'Hibranet', '98', 'EC03');
INSERT INTO marksinfo (marks_id, student_id, class_id, coures_id, couresname, marks, center_id) VALUES ('M119', 'S93', 'C23', 'P26', 'Cloud Computing', '5', 'EC04');
INSERT INTO marksinfo (marks_id, student_id, class_id, coures_id, couresname, marks, center_id) VALUES ('M120', 'S94', 'C24', 'P01', 'Java', '55', 'EC05');
INSERT INTO marksinfo (marks_id, student_id, class_id, coures_id, couresname, marks, center_id) VALUES ('M121', 'S95', 'C25', 'P02', 'SQL', '52', 'EC06');
INSERT INTO marksinfo (marks_id, student_id, class_id, coures_id, couresname, marks, center_id) VALUES ('M122', 'S96', 'C26', 'P03', 'SQL and Adv.SQL', '59', 'EC07');
INSERT INTO marksinfo (marks_id, student_id, class_id, coures_id, couresname, marks, center_id) VALUES ('M123', 'S97', 'C27', 'P04', 'Python', '54', 'EC08');
INSERT INTO marksinfo (marks_id, student_id, class_id, coures_id, couresname, marks, center_id) VALUES ('M124', 'S98', 'C28', 'P05', 'AWS', '56', 'EC09');
INSERT INTO marksinfo (marks_id, student_id, class_id, coures_id, couresname, marks, center_id) VALUES ('M125', 'S99', 'C29', 'P06', 'R', '62', 'EC07');
INSERT INTO marksinfo (marks_id, student_id, class_id, coures_id, couresname, marks, center_id) VALUES ('M126', 'S90', 'L06', 'P11', 'Odbc', '66', 'EC08');
INSERT INTO marksinfo (marks_id, student_id, class_id, coures_id, couresname, marks, center_id) VALUES ('M127', 'S91', 'L01', 'P24', 'Python Full Stack', '34', 'EC09');
INSERT INTO marksinfo (marks_id, student_id, class_id, coures_id, couresname, marks, center_id) VALUES ('M128', 'S92', 'L02', 'P10', 'Jdbc', '39', 'EC06');
INSERT INTO marksinfo (marks_id, student_id, class_id, coures_id, couresname, marks, center_id) VALUES ('M129', 'S93', 'L03', 'P13', 'Git and Github', '38', 'EC07');
INSERT INTO marksinfo (marks_id, student_id, class_id, coures_id, couresname, marks, center_id) VALUES ('M130', 'S94', 'L04', 'P15', 'J2ee', '82', 'EC08');
INSERT INTO marksinfo (marks_id, student_id, class_id, coures_id, couresname, marks, center_id) VALUES ('M131', 'S95', 'L05', 'P20', 'Adv. Python', '49', 'EC09');
INSERT INTO marksinfo (marks_id, student_id, class_id, coures_id, couresname, marks, center_id) VALUES ('M132', 'S96', 'L06', 'P11', 'Odbc', '46', 'EC02');
INSERT INTO marksinfo (marks_id, student_id, class_id, coures_id, couresname, marks, center_id) VALUES ('M133', 'S97', 'L01', 'P24', 'Python Full Stack', '64', 'Eclass_id');
INSERT INTO marksinfo (marks_id, student_id, class_id, coures_id, couresname, marks, center_id) VALUES ('M134', 'S98', 'L05', 'P20', 'Adv. Python', '53', 'EC02');
INSERT INTO marksinfo (marks_id, student_id, class_id, coures_id, couresname, marks, center_id) VALUES ('M135', 'S99', 'L04', 'P15', 'J2ee', '55', 'EC03');
INSERT INTO marksinfo (marks_id, student_id, class_id, coures_id, couresname, marks, center_id) VALUES ('M136', 'S100', 'L01', 'P24', 'Python Full Stack', '63', 'EC04');
INSERT INTO marksinfo (marks_id, student_id, class_id, coures_id, couresname, marks, center_id) VALUES ('M137', 'S101', 'L01', 'P24', 'Python Full Stack', '68', 'EC05');
INSERT INTO marksinfo (marks_id, student_id, class_id, coures_id, couresname, marks, center_id) VALUES ('M138', 'S102', 'L02', 'P10', 'Jdbc', '94', 'EC06');
INSERT INTO marksinfo (marks_id, student_id, class_id, coures_id, couresname, marks, center_id) VALUES ('M139', 'S103', 'L03', 'P13', 'Git and Github', '81', 'EC07');
INSERT INTO marksinfo (marks_id, student_id, class_id, coures_id, couresname, marks, center_id) VALUES ('M140', 'S101', 'L06', 'P11', 'Odbc', '54', 'EC08');
INSERT INTO marksinfo (marks_id, student_id, class_id, coures_id, couresname, marks, center_id) VALUES ('M141', 'S102', 'C07', 'P07', 'Angular', '82', 'EC09');
INSERT INTO marksinfo (marks_id, student_id, class_id, coures_id, couresname, marks, center_id) VALUES ('M142', 'S103', 'C31', 'P08', 'Web Tech', '62', 'Eclass_id');
INSERT INTO marksinfo (marks_id, student_id, class_id, coures_id, couresname, marks, center_id) VALUES ('M143', 'S104', 'L01', 'P24', 'Python Full Stack', '66', 'Eclass_id');
INSERT INTO marksinfo (marks_id, student_id, class_id, coures_id, couresname, marks, center_id) VALUES ('M144', 'S105', 'C08', 'P08', 'Web Tech', '34', 'EC02');
INSERT INTO marksinfo (marks_id, student_id, class_id, coures_id, couresname, marks, center_id) VALUES ('M145', 'S106', 'C32', 'P09', 'Java Full Stack', '39', 'EC03');
INSERT INTO marksinfo (marks_id, student_id, class_id, coures_id, couresname, marks, center_id) VALUES ('M146', 'S21', 'C09', 'P09', 'Java Full Stack', '38', 'EC04');
INSERT INTO marksinfo (marks_id, student_id, class_id, coures_id, couresname, marks, center_id) VALUES ('M147', 'S22', 'C33', 'P10', 'Jdbc', '82', 'EC05');
INSERT INTO marksinfo (marks_id, student_id, class_id, coures_id, couresname, marks, center_id) VALUES ('M148', 'S23', 'L03', 'P13', 'Git and Github', '49', 'EC06');
INSERT INTO marksinfo (marks_id, student_id, class_id, coures_id, couresname, marks, center_id) VALUES ('M149', 'S24', 'C10', 'P10', 'Jdbc', '46', 'EC07');
INSERT INTO marksinfo (marks_id, student_id, class_id, coures_id, couresname, marks, center_id) VALUES ('M150', 'S25', 'C34', 'P11', 'Odbc', '64', 'EC08');
INSERT INTO marksinfo (marks_id, student_id, class_id, coures_id, couresname, marks, center_id) VALUES ('M151', 'S26', 'L04', 'P15', 'J2ee', '53', 'EC09');
INSERT INTO marksinfo (marks_id, student_id, class_id, coures_id, couresname, marks, center_id) VALUES ('M152', 'S27', 'C11', 'P11', 'Odbc', '55', 'Eclass_id');
INSERT INTO marksinfo (marks_id, student_id, class_id, coures_id, couresname, marks, center_id) VALUES ('M153', 'S28', 'C35', 'P12', 'Servelt', '63', 'EC02');
INSERT INTO marksinfo (marks_id, student_id, class_id, coures_id, couresname, marks, center_id) VALUES ('M154', 'S30', 'C12', 'P12', 'Servelt', '68', 'EC03');
INSERT INTO marksinfo (marks_id, student_id, class_id, coures_id, couresname, marks, center_id) VALUES ('M155', 'S32', 'C13', 'P13', 'Git and Github', '94', 'EC04');
INSERT INTO marksinfo (marks_id, student_id, class_id, coures_id, couresname, marks, center_id) VALUES ('M156', 'S33', 'L02', 'P10', 'Jdbc', '81', 'EC05');
INSERT INTO marksinfo (marks_id, student_id, class_id, coures_id, couresname, marks, center_id) VALUES ('M157', 'S34', 'C38', 'P05', 'AWS', '54', 'EC06');
INSERT INTO marksinfo (marks_id, student_id, class_id, coures_id, couresname, marks, center_id) VALUES ('M158', 'S35', 'L03', 'P13', 'Git and Github', '82', 'EC07');
INSERT INTO marksinfo (marks_id, student_id, class_id, coures_id, couresname, marks, center_id) VALUES ('M159', 'S36', 'L04', 'P15', 'J2ee', '55', 'EC08');
INSERT INTO marksinfo (marks_id, student_id, class_id, coures_id, couresname, marks, center_id) VALUES ('M160', 'S37', 'L05', 'P20', 'Adv. Python', '63', 'EC09');
INSERT INTO marksinfo (marks_id, student_id, class_id, coures_id, couresname, marks, center_id) VALUES ('M161', 'S38', 'C41', 'P07', 'Angular', '68', 'Eclass_id');
INSERT INTO marksinfo (marks_id, student_id, class_id, coures_id, couresname, marks, center_id) VALUES ('M162', 'S39', 'L06', 'P11', 'Odbc', '94', 'Eclass_id');
INSERT INTO marksinfo (marks_id, student_id, class_id, coures_id, couresname, marks, center_id) VALUES ('M163', 'S40', 'C42', 'P14', 'Java Script', '81', 'EC02');
INSERT INTO marksinfo (marks_id, student_id, class_id, coures_id, couresname, marks, center_id) VALUES ('M164', 'S41', 'C43', 'P24', 'Python Full Stack', '54', 'EC03');
INSERT INTO marksinfo (marks_id, student_id, class_id, coures_id, couresname, marks, center_id) VALUES ('M165', 'S42', 'C44', 'P01', 'Java', '82', 'EC04');
INSERT INTO marksinfo (marks_id, student_id, class_id, coures_id, couresname, marks, center_id) VALUES ('M166', 'S43', 'C45', 'P12', 'Servelt', '81', 'EC05');
INSERT INTO marksinfo (marks_id, student_id, class_id, coures_id, couresname, marks, center_id) VALUES ('M167', 'S44', 'C46', 'P11', 'Odbc', '54', 'EC06');
INSERT INTO marksinfo (marks_id, student_id, class_id, coures_id, couresname, marks, center_id) VALUES ('M168', 'S45', 'C51', 'P01', 'Java', '82', 'EC07');
INSERT INTO marksinfo (marks_id, student_id, class_id, coures_id, couresname, marks, center_id) VALUES ('M169', 'S46', 'C20', 'P23', 'Recat', '45', 'EC08');
INSERT INTO marksinfo (marks_id, student_id, class_id, coures_id, couresname, marks, center_id) VALUES ('M170', 'S47', 'L06', 'P11', 'Odbc', '65', 'EC09');
INSERT INTO marksinfo (marks_id, student_id, class_id, coures_id, couresname, marks, center_id) VALUES ('M171', 'S48', 'C21', 'P24', 'Python Full Stack', '46', 'EC05');
INSERT INTO marksinfo (marks_id, student_id, class_id, coures_id, couresname, marks, center_id) VALUES ('M172', 'S49', 'L01', 'P24', 'Python Full Stack', '42', 'EC06');
INSERT INTO marksinfo (marks_id, student_id, class_id, coures_id, couresname, marks, center_id) VALUES ('M173', 'S50', 'C22', 'P25', 'Hibranet', '29', 'EC07');
INSERT INTO marksinfo (marks_id, student_id, class_id, coures_id, couresname, marks, center_id) VALUES ('M174', 'S51', 'L02', 'P10', 'Jdbc', '35', 'EC08');
INSERT INTO marksinfo (marks_id, student_id, class_id, coures_id, couresname, marks, center_id) VALUES ('M175', 'S52', 'C23', 'P26', 'Cloud Computing', '46', 'EC09');
INSERT INTO marksinfo (marks_id, student_id, class_id, coures_id, couresname, marks, center_id) VALUES ('M176', 'S53', 'L03', 'P13', 'Git and Github', '72', 'Eclass_id');
INSERT INTO marksinfo (marks_id, student_id, class_id, coures_id, couresname, marks, center_id) VALUES ('M177', 'S54', 'C24', 'P01', 'Java', '72', 'Eclass_id');
INSERT INTO marksinfo (marks_id, student_id, class_id, coures_id, couresname, marks, center_id) VALUES ('M178', 'S55', 'L04', 'P15', 'J2ee', '73', 'EC02');
INSERT INTO marksinfo (marks_id, student_id, class_id, coures_id, couresname, marks, center_id) VALUES ('M179', 'S56', 'C25', 'P02', 'SQL', '78', 'EC03');
INSERT INTO marksinfo (marks_id, student_id, class_id, coures_id, couresname, marks, center_id) VALUES ('M180', 'S57', 'L05', 'P20', 'Adv. Python', '60', 'EC04');
INSERT INTO marksinfo (marks_id, student_id, class_id, coures_id, couresname, marks, center_id) VALUES ('M181', 'S58', 'C26', 'P03', 'SQL and Adv.SQL', '52', 'EC05');
INSERT INTO marksinfo (marks_id, student_id, class_id, coures_id, couresname, marks, center_id) VALUES ('M182', 'S59', 'L06', 'P11', 'Odbc', '68', 'EC06');
INSERT INTO marksinfo (marks_id, student_id, class_id, coures_id, couresname, marks, center_id) VALUES ('M183', 'S60', 'C27', 'P04', 'Python', '94', 'EC07');
INSERT INTO marksinfo (marks_id, student_id, class_id, coures_id, couresname, marks, center_id) VALUES ('M184', 'S61', 'L01', 'P24', 'Python Full Stack', '78', 'EC08');
INSERT INTO marksinfo (marks_id, student_id, class_id, coures_id, couresname, marks, center_id) VALUES ('M185', 'S62', 'C28', 'P05', 'AWS', '63', 'EC09');
INSERT INTO marksinfo (marks_id, student_id, class_id, coures_id, couresname, marks, center_id) VALUES ('M186', 'S63', 'L05', 'P20', 'Adv. Python', '51', 'Eclass_id');
INSERT INTO marksinfo (marks_id, student_id, class_id, coures_id, couresname, marks, center_id) VALUES ('M187', 'S64', 'C29', 'P06', 'R', '4', 'EC02');
INSERT INTO marksinfo (marks_id, student_id, class_id, coures_id, couresname, marks, center_id) VALUES ('M188', 'S65', 'L04', 'P15', 'J2ee', '44', 'EC03');
INSERT INTO marksinfo (marks_id, student_id, class_id, coures_id, couresname, marks, center_id) VALUES ('M189', 'S106', 'C45', 'P12', 'Servelt', '62', 'EC04');
INSERT INTO marksinfo (marks_id, student_id, class_id, coures_id, couresname, marks, center_id) VALUES ('M190', 'S21', 'C46', 'P11', 'Odbc', '15', 'EC05');
INSERT INTO marksinfo (marks_id, student_id, class_id, coures_id, couresname, marks, center_id) VALUES ('M191', 'S22', 'C51', 'P01', 'Java', '98', 'EC06');
INSERT INTO marksinfo (marks_id, student_id, class_id, coures_id, couresname, marks, center_id) VALUES ('M192', 'S23', 'C30', 'P07', 'Angular', '75', 'EC07');
INSERT INTO marksinfo (marks_id, student_id, class_id, coures_id, couresname, marks, center_id) VALUES ('M193', 'S24', 'C31', 'P08', 'Web Tech', '62', 'EC08');
INSERT INTO marksinfo (marks_id, student_id, class_id, coures_id, couresname, marks, center_id) VALUES ('M194', 'S25', 'C32', 'P09', 'Java Full Stack', '52', 'EC03');
INSERT INTO marksinfo (marks_id, student_id, class_id, coures_id, couresname, marks, center_id) VALUES ('M195', 'S26', 'C33', 'P10', 'Jdbc', '46', 'EC04');
INSERT INTO marksinfo (marks_id, student_id, class_id, coures_id, couresname, marks, center_id) VALUES ('M196', 'S27', 'C20', 'P23', 'Recat', '32', 'EC05');
INSERT INTO marksinfo (marks_id, student_id, class_id, coures_id, couresname, marks, center_id) VALUES ('M197', 'S28', 'C21', 'P24', 'Python Full Stack', '95', 'EC06');
INSERT INTO marksinfo (marks_id, student_id, class_id, coures_id, couresname, marks, center_id) VALUES ('M198', 'S30', 'C22', 'P25', 'Hibranet', '48', 'EC07');
INSERT INTO marksinfo (marks_id, student_id, class_id, coures_id, couresname, marks, center_id) VALUES ('M199', 'S32', 'C23', 'P26', 'Cloud Computing', '65', 'EC08');
INSERT INTO marksinfo (marks_id, student_id, class_id, coures_id, couresname, marks, center_id) VALUES ('M200', 'S33', 'C24', 'P01', 'Java', '89', 'EC09');
INSERT INTO marksinfo (marks_id, student_id, class_id, coures_id, couresname, marks, center_id) VALUES ('M201', 'S34', 'C25', 'P02', 'SQL', '78', 'Eclass_id');
INSERT INTO marksinfo (marks_id, student_id, class_id, coures_id, couresname, marks, center_id) VALUES ('M202', 'S35', 'C26', 'P03', 'SQL and Adv.SQL', '', 'EC02');
INSERT INTO marksinfo (marks_id, student_id, class_id, coures_id, couresname, marks, center_id) VALUES ('M203', 'S36', 'C27', 'P04', 'Python', '64', 'EC03');
INSERT INTO marksinfo (marks_id, student_id, class_id, coures_id, couresname, marks, center_id) VALUES ('M204', 'S37', 'C28', 'P05', 'AWS', '85', 'EC04');
INSERT INTO marksinfo (marks_id, student_id, class_id, coures_id, couresname, marks, center_id) VALUES ('M205', 'S38', 'C29', 'P06', 'R', '80', 'EC05');

INSERT INTO marksinfo (marks_id, student_id, class_id, coures_id, couresname, marks, center_id) VALUES ('M206', 'S66', 'C01', 'P10', 'Jdbc', '37', 'EC01');
INSERT INTO marksinfo (marks_id, student_id, class_id, coures_id, couresname, marks, center_id) VALUES ('M207', 'S67', 'C02', 'P10', 'Jdbc', '62', 'EC02');
INSERT INTO marksinfo (marks_id, student_id, class_id, coures_id, couresname, marks, center_id) VALUES ('M208', 'S68', 'C03', 'P11', 'Odbc', '69', 'EC03');
INSERT INTO marksinfo (marks_id, student_id, class_id, coures_id, couresname, marks, center_id) VALUES ('M209', 'S69', 'C04', 'P12', 'Servelt', '78', 'EC04');
INSERT INTO marksinfo (marks_id, student_id, class_id, coures_id, couresname, marks, center_id) VALUES ('M210', 'S70', 'C05', 'P01', 'Java', '53', 'EC05');
INSERT INTO marksinfo (marks_id, student_id, class_id, coures_id, couresname, marks, center_id) VALUES ('M211', 'S71', 'C06', 'P05', 'AWS', '49', 'EC06');
INSERT INTO marksinfo (marks_id, student_id, class_id, coures_id, couresname, marks, center_id) VALUES ('M212', 'S72', 'C07', 'P07', 'Angular', '61', 'EC07');
INSERT INTO marksinfo (marks_id, student_id, class_id, coures_id, couresname, marks, center_id) VALUES ('M213', 'S73', 'C08', 'P14', 'Java Script', '57', 'EC08');
INSERT INTO marksinfo (marks_id, student_id, class_id, coures_id, couresname, marks, center_id) VALUES ('M214', 'S74', 'C09', 'P24', 'Python Full Stack', '95', 'EC09');
INSERT INTO marksinfo (marks_id, student_id, class_id, coures_id, couresname, marks, center_id) VALUES ('M215', 'S75', 'C10', 'P01', 'Java', '63', 'EC01');
INSERT INTO marksinfo (marks_id, student_id, class_id, coures_id, couresname, marks, center_id) VALUES ('M216', 'S76', 'C11', 'P12', 'Servelt', '48', 'EC09');
INSERT INTO marksinfo (marks_id, student_id, class_id, coures_id, couresname, marks, center_id) VALUES ('M217', 'S77', 'C12', 'P11', 'Odbc', '75', 'EC06');
INSERT INTO marksinfo (marks_id, student_id, class_id, coures_id, couresname, marks, center_id) VALUES ('M218', 'S78', 'C13', 'P11', 'Odbc', '19', 'EC07');
INSERT INTO marksinfo (marks_id, student_id, class_id, coures_id, couresname, marks, center_id) VALUES ('M219', 'S79', 'C23', 'P01', 'Java', '29', 'EC08');
INSERT INTO marksinfo (marks_id, student_id, class_id, coures_id, couresname, marks, center_id) VALUES ('M220', 'S80', 'C24', 'P07', 'Angular', '35', 'EC09');
INSERT INTO marksinfo (marks_id, student_id, class_id, coures_id, couresname, marks, center_id) VALUES ('M221', 'S81', 'C25', 'P08', 'Web Tech', '46', 'EC02');
INSERT INTO marksinfo (marks_id, student_id, class_id, coures_id, couresname, marks, center_id) VALUES ('M222', 'S82', 'C26', 'P09', 'Java Full Stack', '72', 'EC01');
INSERT INTO marksinfo (marks_id, student_id, class_id, coures_id, couresname, marks, center_id) VALUES ('M223', 'S83', 'C27', 'P10', 'Jdbc', '72', 'EC02');
INSERT INTO marksinfo (marks_id, student_id, class_id, coures_id, couresname, marks, center_id) VALUES ('M224', 'S84', 'C28', 'P23', 'Recat', '73', 'EC03');
INSERT INTO marksinfo (marks_id, student_id, class_id, coures_id, couresname, marks, center_id) VALUES ('M225', 'S85', 'C29', 'P24', 'Python Full Stack', '78', 'EC04');
INSERT INTO marksinfo (marks_id, student_id, class_id, coures_id, couresname, marks, center_id) VALUES ('M226', 'S86', 'C30', 'P25', 'Hibranet', '46', 'EC01');
INSERT INTO marksinfo (marks_id, student_id, class_id, coures_id, couresname, marks, center_id) VALUES ('M227', 'S87', 'C31', 'P26', 'Cloud Computing', '42', 'EC05');
INSERT INTO marksinfo (marks_id, student_id, class_id, coures_id, couresname, marks, center_id) VALUES ('M228', 'S88', 'C32', 'P12', 'Servelt', '43', 'EC06');
INSERT INTO marksinfo (marks_id, student_id, class_id, coures_id, couresname, marks, center_id) VALUES ('M229', 'S69', 'C01', 'P01', 'Java', '46', 'EC07');
INSERT INTO marksinfo (marks_id, student_id, class_id, coures_id, couresname, marks, center_id) VALUES ('M230', 'S70', 'C02', 'P02', 'SQL', '41', 'EC08');
INSERT INTO marksinfo (marks_id, student_id, class_id, coures_id, couresname, marks, center_id) VALUES ('M231', 'S71', 'C03', 'P03', 'SQL and Adv.SQL', '85', 'EC09');
INSERT INTO marksinfo (marks_id, student_id, class_id, coures_id, couresname, marks, center_id) VALUES ('M232', 'S72', 'C04', 'P04', 'Python', '96', 'EC01');
INSERT INTO marksinfo (marks_id, student_id, class_id, coures_id, couresname, marks, center_id) VALUES ('M233', 'S73', 'C05', 'P05', 'AWS', '81', 'EC01');
INSERT INTO marksinfo (marks_id, student_id, class_id, coures_id, couresname, marks, center_id) VALUES ('M234', 'S74', 'C06', 'P06', 'R', '82', 'EC02');
INSERT INTO marksinfo (marks_id, student_id, class_id, coures_id, couresname, marks, center_id) VALUES ('M235', 'S75', 'C07', 'P11', 'Odbc', '83', 'EC03');
INSERT INTO marksinfo (marks_id, student_id, class_id, coures_id, couresname, marks, center_id) VALUES ('M236', 'S76', 'C08', 'P24', 'Python Full Stack', '94', 'EC04');
INSERT INTO marksinfo (marks_id, student_id, class_id, coures_id, couresname, marks, center_id) VALUES ('M237', 'S88', 'C09', 'P10', 'Jdbc', '92', 'EC02');
INSERT INTO marksinfo (marks_id, student_id, class_id, coures_id, couresname, marks, center_id) VALUES ('M238', 'S90', 'C10', 'P13', 'Git and Github', '93', 'EC05');
INSERT INTO marksinfo (marks_id, student_id, class_id, coures_id, couresname, marks, center_id) VALUES ('M239', 'S75', 'C11', 'P13', 'Git and Github', '91', 'EC06');
INSERT INTO marksinfo (marks_id, student_id, class_id, coures_id, couresname, marks, center_id) VALUES ('M240', 'S76', 'C12', 'P15', 'J2ee', '94', 'EC07');
INSERT INTO marksinfo (marks_id, student_id, class_id, coures_id, couresname, marks, center_id) VALUES ('M241', 'S77', 'C13', 'P20', 'Adv. Python', '94', 'EC08');
INSERT INTO marksinfo (marks_id, student_id, class_id, coures_id, couresname, marks, center_id) VALUES ('M242', 'S78', 'C23', 'P11', 'Odbc', '75', 'EC09');
INSERT INTO marksinfo (marks_id, student_id, class_id, coures_id, couresname, marks, center_id) VALUES ('M243', 'S79', 'C24', 'P24', 'Python Full Stack', '55', 'EC07');
INSERT INTO marksinfo (marks_id, student_id, class_id, coures_id, couresname, marks, center_id) VALUES ('M244', 'S80', 'C25', 'P20', 'Adv. Python', '45', 'EC08');
INSERT INTO marksinfo (marks_id, student_id, class_id, coures_id, couresname, marks, center_id) VALUES ('M245', 'S81', 'C26', 'P15', 'J2ee', '62', 'EC07');
INSERT INTO marksinfo (marks_id, student_id, class_id, coures_id, couresname, marks, center_id) VALUES ('M246', 'S68', 'C27', 'P24', 'Python Full Stack', '78', 'EC08');
INSERT INTO marksinfo (marks_id, student_id, class_id, coures_id, couresname, marks, center_id) VALUES ('M247', 'S69', 'C28', 'P24', 'Python Full Stack', '35', 'EC09');
INSERT INTO marksinfo (marks_id, student_id, class_id, coures_id, couresname, marks, center_id) VALUES ('M248', 'S70', 'C29', 'P10', 'Jdbc', '45', 'EC07');
INSERT INTO marksinfo (marks_id, student_id, class_id, coures_id, couresname, marks, center_id) VALUES ('M249', 'S71', 'C30', 'P13', 'Git and Github', '92', 'EC08');
INSERT INTO marksinfo (marks_id, student_id, class_id, coures_id, couresname, marks, center_id) VALUES ('M250', 'S72', 'C31', 'P14', 'Java Script', '46', 'EC01');

INSERT INTO marksinfo (marks_id, student_id, class_id, coures_id, couresname, marks, center_id) VALUES ('M251', 'S202', 'C27', 'P14', 'Java Script', '46', 'EC01');
INSERT INTO marksinfo (marks_id, student_id, class_id, coures_id, couresname, marks, center_id) VALUES ('M252', 'S123', 'C28', 'P14', 'Java Script', '46', 'EC01');
INSERT INTO marksinfo (marks_id, student_id, class_id, coures_id, couresname, marks, center_id) VALUES ('M253', 'S014', 'C31', 'P14', 'Java Script', '46', 'EC01');
INSERT INTO marksinfo (marks_id, student_id, class_id, coures_id, couresname, marks, center_id) VALUES ('M254', 'S305', 'C30', 'P14', 'Java Script', '66', 'EC01');
INSERT INTO marksinfo (marks_id, student_id, class_id, coures_id, couresname, marks, center_id) VALUES ('M255', 'S006', 'C29', 'P14', 'Java Script', '26', 'EC01');
INSERT INTO marksinfo (marks_id, student_id) VALUES ('M256', 'S072');
INSERT INTO marksinfo (marks_id, student_id) VALUES ('M256', 'S402');
INSERT INTO marksinfo (marks_id, student_id) VALUES ('M256', 'S262');


alter table student_class
alter column class_id varchar(45) Null;

ALTER TABLE marksinfo
ALTER COLUMN center_id varchar(45) NULL;

alter Table marksinfo 
alter column marks int null;
select * from marksinfo;
